-- phpMyAdmin SQL Dump
-- version 5.1.0
-- https://www.phpmyadmin.net/
--
-- Host: localhost:8889
-- Generation Time: Dec 19, 2024 at 10:27 AM
-- Server version: 5.7.34
-- PHP Version: 7.4.21

SET SQL_MODE = "NO_AUTO_VALUE_ON_ZERO";
START TRANSACTION;
SET time_zone = "+00:00";


/*!40101 SET @OLD_CHARACTER_SET_CLIENT=@@CHARACTER_SET_CLIENT */;
/*!40101 SET @OLD_CHARACTER_SET_RESULTS=@@CHARACTER_SET_RESULTS */;
/*!40101 SET @OLD_COLLATION_CONNECTION=@@COLLATION_CONNECTION */;
/*!40101 SET NAMES utf8mb4 */;

--
-- Database: `ecommerceweb`
--

-- --------------------------------------------------------

--
-- Table structure for table `tbl_color`
--

CREATE TABLE `tbl_color` (
  `color_id` int(11) NOT NULL,
  `color_name` varchar(255) NOT NULL
) ENGINE=InnoDB DEFAULT CHARSET=latin1;

--
-- Dumping data for table `tbl_color`
--

INSERT INTO `tbl_color` (`color_id`, `color_name`) VALUES
(1, 'Leghorn(white egg, white Feather)'),
(2, 'Rhode Island Red(Egg Color: Brown and Feather Color: Reddish-brown)'),
(4, 'Yellow'),
(5, 'Green'),
(6, 'White'),
(7, 'Orange'),
(8, 'Brown'),
(9, 'Tan'),
(10, 'Pink'),
(11, 'Mixed'),
(12, 'Lightblue'),
(13, 'Violet'),
(14, 'Light Purple'),
(15, 'Salmon'),
(16, 'Gold'),
(17, 'Gray'),
(18, 'Ash'),
(19, 'Maroon'),
(20, 'Silver'),
(21, 'Dark Clay'),
(22, 'Cognac'),
(23, 'Coffee'),
(24, 'Charcoal'),
(25, 'Navy'),
(26, 'Fuchsia'),
(27, 'Olive'),
(28, 'Burgundy'),
(29, 'Midnight Blue');

-- --------------------------------------------------------

--
-- Table structure for table `tbl_country`
--

CREATE TABLE `tbl_country` (
  `country_id` int(11) NOT NULL,
  `country_name` varchar(100) NOT NULL DEFAULT ''
) ENGINE=MyISAM DEFAULT CHARSET=utf8;

--
-- Dumping data for table `tbl_country`
--

INSERT INTO `tbl_country` (`country_id`, `country_name`) VALUES
(1, 'Afghanistan'),
(2, 'Albania'),
(3, 'Algeria'),
(4, 'American Samoa'),
(5, 'Andorra'),
(6, 'Angola'),
(7, 'Anguilla'),
(8, 'Antarctica'),
(9, 'Antigua and Barbuda'),
(10, 'Argentina'),
(11, 'Armenia'),
(12, 'Aruba'),
(13, 'Australia'),
(14, 'Austria'),
(15, 'Azerbaijan'),
(16, 'Bahamas'),
(17, 'Bahrain'),
(18, 'Bangladesh'),
(19, 'Barbados'),
(20, 'Belarus'),
(21, 'Belgium'),
(22, 'Belize'),
(23, 'Benin'),
(24, 'Bermuda'),
(25, 'Bhutan'),
(26, 'Bolivia'),
(27, 'Bosnia and Herzegovina'),
(28, 'Botswana'),
(29, 'Bouvet Island'),
(30, 'Brazil'),
(31, 'British Indian Ocean Territory'),
(32, 'Brunei Darussalam'),
(33, 'Bulgaria'),
(34, 'Burkina Faso'),
(35, 'Burundi'),
(36, 'Cambodia'),
(37, 'Cameroon'),
(38, 'Canada'),
(39, 'Cape Verde'),
(40, 'Cayman Islands'),
(41, 'Central African Republic'),
(42, 'Chad'),
(43, 'Chile'),
(44, 'China'),
(45, 'Christmas Island'),
(46, 'Cocos (Keeling) Islands'),
(47, 'Colombia'),
(48, 'Comoros'),
(49, 'Congo'),
(50, 'Cook Islands'),
(51, 'Costa Rica'),
(52, 'Croatia (Hrvatska)'),
(53, 'Cuba'),
(54, 'Cyprus'),
(55, 'Czech Republic'),
(56, 'Denmark'),
(57, 'Djibouti'),
(58, 'Dominica'),
(59, 'Dominican Republic'),
(60, 'East Timor'),
(61, 'Ecuador'),
(62, 'Egypt'),
(63, 'El Salvador'),
(64, 'Equatorial Guinea'),
(65, 'Eritrea'),
(66, 'Estonia'),
(67, 'Ethiopia'),
(68, 'Falkland Islands (Malvinas)'),
(69, 'Faroe Islands'),
(70, 'Fiji'),
(71, 'Finland'),
(72, 'France'),
(73, 'France, Metropolitan'),
(74, 'French Guiana'),
(75, 'French Polynesia'),
(76, 'French Southern Territories'),
(77, 'Gabon'),
(78, 'Gambia'),
(79, 'Georgia'),
(80, 'Germany'),
(81, 'Ghana'),
(82, 'Gibraltar'),
(83, 'Guernsey'),
(84, 'Greece'),
(85, 'Greenland'),
(86, 'Grenada'),
(87, 'Guadeloupe'),
(88, 'Guam'),
(89, 'Guatemala'),
(90, 'Guinea'),
(91, 'Guinea-Bissau'),
(92, 'Guyana'),
(93, 'Haiti'),
(94, 'Heard and Mc Donald Islands'),
(95, 'Honduras'),
(96, 'Hong Kong'),
(97, 'Hungary'),
(98, 'Iceland'),
(99, 'India'),
(100, 'Isle of Man'),
(101, 'Indonesia'),
(102, 'Iran (Islamic Republic of)'),
(103, 'Iraq'),
(104, 'Ireland'),
(105, 'Israel'),
(106, 'Italy'),
(107, 'Ivory Coast'),
(108, 'Jersey'),
(109, 'Jamaica'),
(110, 'Japan'),
(111, 'Jordan'),
(112, 'Kazakhstan'),
(113, 'Kenya'),
(114, 'Kiribati'),
(115, 'Korea, Democratic People\'s Republic of'),
(116, 'Korea, Republic of'),
(117, 'Kosovo'),
(118, 'Kuwait'),
(119, 'Kyrgyzstan'),
(120, 'Lao People\'s Democratic Republic'),
(121, 'Latvia'),
(122, 'Lebanon'),
(123, 'Lesotho'),
(124, 'Liberia'),
(125, 'Libyan Arab Jamahiriya'),
(126, 'Liechtenstein'),
(127, 'Lithuania'),
(128, 'Luxembourg'),
(129, 'Macau'),
(130, 'Macedonia'),
(131, 'Madagascar'),
(132, 'Malawi'),
(133, 'Malaysia'),
(134, 'Maldives'),
(135, 'Mali'),
(136, 'Malta'),
(137, 'Marshall Islands'),
(138, 'Martinique'),
(139, 'Mauritania'),
(140, 'Mauritius'),
(141, 'Mayotte'),
(142, 'Mexico'),
(143, 'Micronesia, Federated States of'),
(144, 'Moldova, Republic of'),
(145, 'Monaco'),
(146, 'Mongolia'),
(147, 'Montenegro'),
(148, 'Montserrat'),
(149, 'Morocco'),
(150, 'Mozambique'),
(151, 'Myanmar'),
(152, 'Namibia'),
(153, 'Nauru'),
(154, 'Nepal'),
(155, 'Netherlands'),
(156, 'Netherlands Antilles'),
(157, 'New Caledonia'),
(158, 'New Zealand'),
(159, 'Nicaragua'),
(160, 'Niger'),
(161, 'Nigeria'),
(162, 'Niue'),
(163, 'Norfolk Island'),
(164, 'Northern Mariana Islands'),
(165, 'Norway'),
(166, 'Oman'),
(167, 'Pakistan'),
(168, 'Palau'),
(169, 'Palestine'),
(170, 'Panama'),
(171, 'Papua New Guinea'),
(172, 'Paraguay'),
(173, 'Peru'),
(174, 'Philippines'),
(175, 'Pitcairn'),
(176, 'Poland'),
(177, 'Portugal'),
(178, 'Puerto Rico'),
(179, 'Qatar'),
(180, 'Reunion'),
(181, 'Romania'),
(182, 'Russian Federation'),
(183, 'Rwanda'),
(184, 'Saint Kitts and Nevis'),
(185, 'Saint Lucia'),
(186, 'Saint Vincent and the Grenadines'),
(187, 'Samoa'),
(188, 'San Marino'),
(189, 'Sao Tome and Principe'),
(190, 'Saudi Arabia'),
(191, 'Senegal'),
(192, 'Serbia'),
(193, 'Seychelles'),
(194, 'Sierra Leone'),
(195, 'Singapore'),
(196, 'Slovakia'),
(197, 'Slovenia'),
(198, 'Solomon Islands'),
(199, 'Somalia'),
(200, 'South Africa'),
(201, 'South Georgia South Sandwich Islands'),
(202, 'Spain'),
(203, 'Sri Lanka'),
(204, 'St. Helena'),
(205, 'St. Pierre and Miquelon'),
(206, 'Sudan'),
(207, 'Suriname'),
(208, 'Svalbard and Jan Mayen Islands'),
(209, 'Swaziland'),
(210, 'Sweden'),
(211, 'Switzerland'),
(212, 'Syrian Arab Republic'),
(213, 'Taiwan'),
(214, 'Tajikistan'),
(215, 'Tanzania, United Republic of'),
(216, 'Thailand'),
(217, 'Togo'),
(218, 'Tokelau'),
(219, 'Tonga'),
(220, 'Trinidad and Tobago'),
(221, 'Tunisia'),
(222, 'Turkey'),
(223, 'Turkmenistan'),
(224, 'Turks and Caicos Islands'),
(225, 'Tuvalu'),
(226, 'Uganda'),
(227, 'Ukraine'),
(228, 'United Arab Emirates'),
(229, 'United Kingdom'),
(230, 'United States'),
(231, 'United States minor outlying islands'),
(232, 'Uruguay'),
(233, 'Uzbekistan'),
(234, 'Vanuatu'),
(235, 'Vatican City State'),
(236, 'Venezuela'),
(237, 'Vietnam'),
(238, 'Virgin Islands (British)'),
(239, 'Virgin Islands (U.S.)'),
(240, 'Wallis and Futuna Islands'),
(241, 'Western Sahara'),
(242, 'Yemen'),
(243, 'Zaire'),
(244, 'Zambia'),
(245, 'Zimbabwe');

-- --------------------------------------------------------

--
-- Table structure for table `tbl_customer`
--

CREATE TABLE `tbl_customer` (
  `cust_id` int(11) NOT NULL,
  `cust_name` varchar(100) NOT NULL,
  `cust_cname` varchar(100) NOT NULL,
  `cust_email` varchar(100) NOT NULL,
  `cust_phone` varchar(50) NOT NULL,
  `cust_country` int(11) NOT NULL,
  `cust_address` text NOT NULL,
  `cust_city` varchar(100) NOT NULL,
  `cust_state` varchar(100) NOT NULL,
  `cust_zip` varchar(30) NOT NULL,
  `cust_b_name` varchar(100) NOT NULL,
  `cust_b_cname` varchar(100) NOT NULL,
  `cust_b_phone` varchar(50) NOT NULL,
  `cust_b_country` varchar(11) NOT NULL,
  `cust_b_address` text NOT NULL,
  `cust_b_city` varchar(100) NOT NULL,
  `cust_b_state` varchar(100) NOT NULL,
  `cust_b_zip` varchar(30) NOT NULL,
  `cust_s_name` varchar(100) NOT NULL,
  `cust_s_cname` varchar(100) NOT NULL,
  `cust_s_phone` varchar(50) NOT NULL,
  `cust_s_country` varchar(11) NOT NULL,
  `cust_s_address` text NOT NULL,
  `cust_s_city` varchar(100) NOT NULL,
  `cust_s_state` varchar(100) NOT NULL,
  `cust_s_zip` varchar(30) NOT NULL,
  `cust_password` varchar(100) NOT NULL,
  `cust_token` varchar(255) NOT NULL,
  `cust_datetime` varchar(100) NOT NULL,
  `cust_timestamp` varchar(100) NOT NULL,
  `cust_status` varchar(11) NOT NULL
) ENGINE=InnoDB DEFAULT CHARSET=latin1;

--
-- Dumping data for table `tbl_customer`
--

INSERT INTO `tbl_customer` (`cust_id`, `cust_name`, `cust_cname`, `cust_email`, `cust_phone`, `cust_country`, `cust_address`, `cust_city`, `cust_state`, `cust_zip`, `cust_b_name`, `cust_b_cname`, `cust_b_phone`, `cust_b_country`, `cust_b_address`, `cust_b_city`, `cust_b_state`, `cust_b_zip`, `cust_s_name`, `cust_s_cname`, `cust_s_phone`, `cust_s_country`, `cust_s_address`, `cust_s_city`, `cust_s_state`, `cust_s_zip`, `cust_password`, `cust_token`, `cust_datetime`, `cust_timestamp`, `cust_status`) VALUES
(1, 'Tamimu Said Rashid', 'Smartfy ', 'rashidytamimu@gmail.com', '0621351603', 215, 'Sakina Arusha ', 'Arusha ', 'TN', '37072', 'Tamimu Said Rashid', 'Smartfy', '0621351603', '215', 'Arusha Tanzania', 'Arusha ', 'Arusha ', 'TN', 'Tamimu Said Rashid', 'Smartfy', '0621351603', '215', 'Arusha Tanzania', 'Arusha ', 'Arusha ', 'TN', 'e10adc3949ba59abbe56e057f20f883e', 'd7e23f893c7e0e779ed388e72f87a4e3', '2022-03-17 11:09:34', '1734032159', '1'),
(2, 'Chad N. Carney', 'none', 'evans@gmail.com', '4785690000', 230, '469 Diamond Street', 'Charlotte', 'NC', '28808', 'Chad N. Carney', 'none', '7477474440', '230', '469 Diamond Street', 'Charlotte', 'NC', '28808', 'Chad N. Carney', 'none', '7477474440', '230', '469 Diamond Street', 'Charlotte', 'NC', '28808', 'e10adc3949ba59abbe56e057f20f883e', 'ca87666426f4bc5c5128a96dabfecefb', '2022-03-17 11:15:26', '1647544526', '1'),
(3, 'Jean Collins', 'none', 'jean@mail.com', '1478523698', 230, '1508 Crosswind Drive', 'Owensboro', 'KY', '13040', 'Jean Collins', 'none', '1478523698', '230', '1508 Crosswind Drive', 'Owensboro', 'KY', '13040', 'Jean Collins', 'none', '1478523698', '230', '1508 Crosswind Drive', 'Owensboro', 'KY', '13040', '5f4dcc3b5aa765d61d8327deb882cf99', '6b3439bf95644a36a1ed92bef374ebb7', '2022-03-20 10:29:39', '1647797379', '1'),
(4, 'Annie Young', 'XYZ Company', 'annie@mail.com', '7770001144', 230, '79 Burwell Heights Road', 'Beaumont', 'TX', '77400', '', '', '', '0', '', '', '', '', '', '', '', '0', '', '', '', '', '5f4dcc3b5aa765d61d8327deb882cf99', 'fc8f07537cdd6b3f89eb94f1cad78060', '2022-03-20 10:31:35', '1647797495', '1'),
(5, 'Matthew Morales', 'ABC Company', 'matthew@mail.com', '7896587450', 230, '81 Felosa Drive', 'Mira Loma', 'CA', '91002', 'Matthew Morales', 'ABC Company', '7896587450', '230', '81 Felosa Drive', 'Mira Loma', 'CA', '91002', 'Matthew Morales', 'ABC Company', '7896587450', '230', '81 Felosa Drive', 'Mira Loma', 'CA', '91002', '5f4dcc3b5aa765d61d8327deb882cf99', 'c391105908fe01a636bfa5fc39eed33d', '2022-03-20 10:33:15', '1647797595', '1'),
(6, 'August F. Freels', 'none', 'august@mail.com', '1478547850', 230, '96 Johnny Lane', 'Milwaukee', 'WI', '55550', 'August F. Freels', 'none', '1478547850', '230', '96 Johnny Lane', 'Milwaukee', 'WI', '55550', 'August F. Freels', 'none', '1478547850', '230', '96 Johnny Lane', 'Milwaukee', 'WI', '55550', '5f4dcc3b5aa765d61d8327deb882cf99', 'decc1fc2c5dd9935df82c0233002ce66', '2022-03-20 10:34:08', '1647797648', '1'),
(7, 'Carl M. Dineen', 'none', 'carl@mail.com', '789878987', 230, '77 Lyndon Street', 'Kutztown', 'PA', '19855', '', '', '', '0', '', '', '', '', '', '', '', '0', '', '', '', '', '5f4dcc3b5aa765d61d8327deb882cf99', 'c79bac688e70cc9665a2164c57ec172c', '2022-03-20 10:35:02', '1647797702', '1'),
(8, 'Benjamin B. Louque', 'none', 'benjamin@mail.com', '7777889955', 230, '32 Bridge Street', 'Tulsa', 'OK', '74220', '', '', '', '0', '', '', '', '', '', '', '', '0', '', '', '', '', '5f4dcc3b5aa765d61d8327deb882cf99', '5a0e096368f9669508af7b7203382b07', '2022-03-20 10:36:31', '1647797791', '1'),
(9, 'Joe K. Richardson', 'none', 'joe@mail.com', '4444445555', 230, '17 Derek Drive', 'Youngstown', 'OH', '44500', '', '', '', '0', '', '', '', '', '', '', '', '0', '', '', '', '', '5f4dcc3b5aa765d61d8327deb882cf99', 'e74ac0178d7833988d4b1625c42ba26e', '2022-03-20 10:37:18', '1647797838', '1'),
(10, 'Will Williams', 'Test Company', 'williams@mail.com', '7410000000', 230, '39 Marcus Street', 'Anniston', 'AL', '37207', 'Will Williams', 'Test Company', '7410000000', '230', '39 Marcus Street', 'Anniston', 'AL', '37207', 'Will Williams', 'Test Company', '7410000000', '230', '39 Marcus Street', 'Anniston', 'AL', '37207', '5f4dcc3b5aa765d61d8327deb882cf99', '941c9265fb920f691cf01b12a15f80f8', '2022-03-20 11:15:59', '1647800159', '1'),
(12, 'Evans ', 'Mayai Og', 'evens@gmail.com', '0621351603', 215, 'Arusha Njiro ', 'Arusha', 'Arusha', '1212', '', '', '', '', '', '', '', '', '', '', '', '', '', '', '', '', 'e10adc3949ba59abbe56e057f20f883e', '6b0bd084d1e891b7ae85c3df19e5aa20', '2024-12-12 10:40:35', '1734028835', '0'),
(13, 'Emmanuel Msulwa', 'Smartfy', 'taliantamten@gmail.com', '0621351603', 215, 'Nkuhungu Dodoma ', 'Arusha ', 'Arusha ', 'TN', '', '', '', '', '', '', '', '', '', '', '', '', '', '', '', '', 'e10adc3949ba59abbe56e057f20f883e', '', '2024-12-12 10:50:07', '1734029407', '1');

-- --------------------------------------------------------

--
-- Table structure for table `tbl_customer_message`
--

CREATE TABLE `tbl_customer_message` (
  `customer_message_id` int(11) NOT NULL,
  `subject` varchar(255) NOT NULL,
  `message` text NOT NULL,
  `order_detail` text NOT NULL,
  `cust_id` int(11) NOT NULL
) ENGINE=MyISAM DEFAULT CHARSET=latin1;

--
-- Dumping data for table `tbl_customer_message`
--

INSERT INTO `tbl_customer_message` (`customer_message_id`, `subject`, `message`, `order_detail`, `cust_id`) VALUES
(9, 'HI There ', 'Tasdfksdhfksdjfhsdkjf', '\nCustomer Name: Tamimu Said Rashid<br>\nCustomer Email: rashidytamimu@gmail.com<br>\nPayment Method: PayPal<br>\nPayment Date: 2024-12-12 10:15:05<br>\nPayment Details: <br>\nTransaction Id: <br>\n        		<br>\nPaid Amount: 448<br>\nPayment Status: Pending<br>\nShipping Status: Pending<br>\nPayment Id: 1734027305<br>\n            \n<br><b><u>Product Item 1</u></b><br>\nProduct Name: Women\'s Plus-Size Shirt Dress with Gold Hardware<br>\nSize: 14 Plus<br>\nColor: Black<br>\nQuantity: 1<br>\nUnit Price: 169<br>\n            \n<br><b><u>Product Item 2</u></b><br>\nProduct Name: Amazfit GTS 3 Smart Watch for Android iPhone<br>\nSize: Free Size<br>\nColor: Black<br>\nQuantity: 1<br>\nUnit Price: 179<br>\n            ', 1);

-- --------------------------------------------------------

--
-- Table structure for table `tbl_end_category`
--

CREATE TABLE `tbl_end_category` (
  `ecat_id` int(11) NOT NULL,
  `ecat_name` varchar(255) NOT NULL,
  `mcat_id` int(11) NOT NULL
) ENGINE=InnoDB DEFAULT CHARSET=latin1;

--
-- Dumping data for table `tbl_end_category`
--

INSERT INTO `tbl_end_category` (`ecat_id`, `ecat_name`, `mcat_id`) VALUES
(1, 'Cock', 1),
(2, 'Chicks', 1),
(3, 'hen', 1),
(4, 'Mixer', 2),
(5, 'Chicks', 2),
(12, 'Backyard Local Eggs', 6),
(13, 'Free-Range Local Eggs', 6),
(14, 'Pasture-Raised Organic Eggs', 7),
(15, 'Free-Range Organic Eggs', 7),
(16, 'Mixer', 8),
(17, 'Hen', 8),
(18, 'Chicks', 8),
(19, 'Cocks', 8),
(20, 'Cocks', 9),
(21, 'Hen', 9),
(22, 'Mixer', 9),
(24, 'Chicks', 9),
(26, 'Fresh Chicken Sausage', 10),
(27, 'Smoked Chicken Sausage', 10),
(28, 'Smoked Chicken Sausage', 11),
(29, 'Fresh Chicken Sausage', 11),
(30, 'Fresh Chicken Sausage', 12),
(42, 'Omega-3 Organic Egg', 4),
(43, 'Backyard Local Eggs', 3),
(44, 'Organic Local Eggs', 3),
(45, 'Backyard Local Eggs', 3),
(46, 'Free-Range Local Eggs', 3),
(47, 'Broiler Breeder Eggs', 4),
(48, 'Fertile Broiler Eggs', 4),
(49, 'Standard Broiler Eggs', 4),
(50, 'White Layer Eggs', 6),
(61, 'Pasture-Raised Organic meat', 14),
(63, 'Free-Range Organic meat', 14),
(78, 'Secondary Down (or Body Down)', 17),
(79, 'Primary Down', 17);

-- --------------------------------------------------------

--
-- Table structure for table `tbl_faq`
--

CREATE TABLE `tbl_faq` (
  `faq_id` int(11) NOT NULL,
  `faq_title` varchar(255) NOT NULL,
  `faq_content` text NOT NULL
) ENGINE=InnoDB DEFAULT CHARSET=latin1;

--
-- Dumping data for table `tbl_faq`
--

INSERT INTO `tbl_faq` (`faq_id`, `faq_title`, `faq_content`) VALUES
(1, 'How to find an item?', '<h3 class=\"checkout-complete-box font-bold txt16\" style=\"box-sizing: inherit; text-rendering: optimizeLegibility; margin: 0.2rem 0px 0.5rem; padding: 0px; line-height: 1.4; background-color: rgb(250, 250, 250);\"><font color=\"#222222\" face=\"opensans, Helvetica Neue, Helvetica, Helvetica, Arial, sans-serif\"><span style=\"font-size: 15.7143px;\">We have a wide range of fabulous products to choose from.</span></font></h3><h3 class=\"checkout-complete-box font-bold txt16\" style=\"box-sizing: inherit; text-rendering: optimizeLegibility; margin: 0.2rem 0px 0.5rem; padding: 0px; line-height: 1.4; background-color: rgb(250, 250, 250);\"><span style=\"font-size: 15.7143px; color: rgb(34, 34, 34); font-family: opensans, \"Helvetica Neue\", Helvetica, Helvetica, Arial, sans-serif;\">Tip 1: If you\'re looking for a specific product, use the keyword search box located at the top of the site. Simply type what you are looking for, and prepare to be amazed!</span></h3><h3 class=\"checkout-complete-box font-bold txt16\" style=\"box-sizing: inherit; text-rendering: optimizeLegibility; margin: 0.2rem 0px 0.5rem; padding: 0px; line-height: 1.4; background-color: rgb(250, 250, 250);\"><font color=\"#222222\" face=\"opensans, Helvetica Neue, Helvetica, Helvetica, Arial, sans-serif\"><span style=\"font-size: 15.7143px;\">Tip 2: If you want to explore a category of products, use the Shop Categories in the upper menu, and navigate through your favorite categories where we\'ll feature the best products in each.</span></font><br><br></h3>\r\n'),
(2, 'What is your return policy?', '<p><span style=\"color: rgb(10, 10, 10); font-family: opensans, &quot;Helvetica Neue&quot;, Helvetica, Helvetica, Arial, sans-serif; font-size: 14px; text-align: center;\">You have 15 days to make a refund request after your order has been delivered.</span><br></p>\r\n'),
(3, ' I received a defective/damaged item, can I get a refund?', '<p>In case the item you received is damaged or defective, you could return an item in the same condition as you received it with the original box and/or packaging intact. Once we receive the returned item, we will inspect it and if the item is found to be defective or damaged, we will process the refund along with any shipping fees incurred.<br></p>\r\n'),
(4, 'When are ‘Returns’ not possible?', '<p class=\"a  \" style=\"box-sizing: inherit; text-rendering: optimizeLegibility; line-height: 1.6; margin-bottom: 0.714286rem; padding: 0px; font-size: 14px; color: rgb(10, 10, 10); font-family: opensans, &quot;Helvetica Neue&quot;, Helvetica, Helvetica, Arial, sans-serif; background-color: rgb(250, 250, 250);\">There are a few certain scenarios where it is difficult for us to support returns:</p><ol style=\"box-sizing: inherit; line-height: 1.6; margin-right: 0px; margin-bottom: 0px; margin-left: 1.25rem; padding: 0px; list-style-position: outside; color: rgb(10, 10, 10); font-family: opensans, &quot;Helvetica Neue&quot;, Helvetica, Helvetica, Arial, sans-serif; font-size: 14px; background-color: rgb(250, 250, 250);\"><li style=\"box-sizing: inherit; margin: 0px; padding: 0px; font-size: inherit;\">Return request is made outside the specified time frame, of 15 days from delivery.</li><li style=\"box-sizing: inherit; margin: 0px; padding: 0px; font-size: inherit;\">Product is used, damaged, or is not in the same condition as you received it.</li><li style=\"box-sizing: inherit; margin: 0px; padding: 0px; font-size: inherit;\">Specific categories like innerwear, lingerie, socks and clothing freebies etc.</li><li style=\"box-sizing: inherit; margin: 0px; padding: 0px; font-size: inherit;\">Defective products which are covered under the manufacturer\'s warranty.</li><li style=\"box-sizing: inherit; margin: 0px; padding: 0px; font-size: inherit;\">Any consumable item which has been used or installed.</li><li style=\"box-sizing: inherit; margin: 0px; padding: 0px; font-size: inherit;\">Products with tampered or missing serial numbers.</li><li style=\"box-sizing: inherit; margin: 0px; padding: 0px; font-size: inherit;\">Anything missing from the package you\'ve received including price tags, labels, original packing, freebies and accessories.</li><li style=\"box-sizing: inherit; margin: 0px; padding: 0px; font-size: inherit;\">Fragile items, hygiene related items.</li></ol>\r\n'),
(5, 'What are the items that cannot be returned?', '<p>The items that can not be returned are:</p><p>Clearance items clearly marked as such and displaying a No-Return Policy<br></p><p>When the offer notes states so specifically are items that cannot be returned.</p><p>Items that fall into the below product types-</p><ul><li>Underwear</li><li>Lingerie</li><li>Socks</li><li>Software</li><li>Music albums</li><li>Books</li><li>Swimwear</li><li>Beauty &amp; Fragrances</li><li>Hosiery</li></ul><p>Also, any consumable items that are used or installed cannot be returned. As outlined in consumer Protection Rights and concerning section on non-returnable items<br></p>');

-- --------------------------------------------------------

--
-- Table structure for table `tbl_language`
--

CREATE TABLE `tbl_language` (
  `lang_id` int(11) NOT NULL,
  `lang_name` varchar(255) NOT NULL,
  `lang_value` text NOT NULL
) ENGINE=MyISAM DEFAULT CHARSET=latin1;

--
-- Dumping data for table `tbl_language`
--

INSERT INTO `tbl_language` (`lang_id`, `lang_name`, `lang_value`) VALUES
(1, 'Currency', '$'),
(2, 'Search Product', 'Search Product'),
(3, 'Search', 'Search'),
(4, 'Submit', 'Submit'),
(5, 'Update', 'Update'),
(6, 'Read More', 'Read More'),
(7, 'Serial', 'Serial'),
(8, 'Photo', 'Photo'),
(9, 'Login', 'Login'),
(10, 'Customer Login', 'Customer Login'),
(11, 'Click here to login', 'Click here to login'),
(12, 'Back to Login Page', 'Back to Login Page'),
(13, 'Logged in as', 'Logged in as'),
(14, 'Logout', 'Logout'),
(15, 'Register', 'Register'),
(16, 'Customer Registration', 'Customer Registration'),
(17, 'Registration Successful', 'Registration Successful'),
(18, 'Cart', 'Cart'),
(19, 'View Cart', 'View Cart'),
(20, 'Update Cart', 'Update Cart'),
(21, 'Back to Cart', 'Back to Cart'),
(22, 'Checkout', 'Checkout'),
(23, 'Proceed to Checkout', 'Proceed to Checkout'),
(24, 'Orders', 'Orders'),
(25, 'Order History', 'Order History'),
(26, 'Order Details', 'Order Details'),
(27, 'Payment Date and Time', 'Payment Date and Time'),
(28, 'Transaction ID', 'Transaction ID'),
(29, 'Paid Amount', 'Paid Amount'),
(30, 'Payment Status', 'Payment Status'),
(31, 'Payment Method', 'Payment Method'),
(32, 'Payment ID', 'Payment ID'),
(33, 'Payment Section', 'Payment Section'),
(34, 'Select Payment Method', 'Select Payment Method'),
(35, 'Select a Method', 'Select a Method'),
(36, 'PayPal', 'PayPal'),
(37, 'Stripe', 'Stripe'),
(38, 'Bank Deposit', 'Bank Deposit'),
(39, 'Card Number', 'Card Number'),
(40, 'CVV', 'CVV'),
(41, 'Month', 'Month'),
(42, 'Year', 'Year'),
(43, 'Send to this Details', 'Send to this Details'),
(44, 'Transaction Information', 'Transaction Information'),
(45, 'Include transaction id and other information correctly', 'Include transaction id and other information correctly'),
(46, 'Pay Now', 'Pay Now'),
(47, 'Product Name', 'Product Name'),
(48, 'Product Details', 'Product Details'),
(49, 'Categories', 'Categories'),
(50, 'Category:', 'Category:'),
(51, 'All Products Under', 'All Products Under'),
(52, 'Select Size', 'Select Size'),
(53, 'Select Color', 'Select Color'),
(54, 'Product Price', 'Product Price'),
(55, 'Quantity', 'Quantity'),
(56, 'Out of Stock', 'Out of Stock'),
(57, 'Share This', 'Share This'),
(58, 'Share This Product', 'Share This Product'),
(59, 'Product Description', 'Product Description'),
(60, 'Features', 'Features'),
(61, 'Conditions', 'Conditions'),
(62, 'Return Policy', 'Return Policy'),
(63, 'Reviews', 'Reviews'),
(64, 'Review', 'Review'),
(65, 'Give a Review', 'Give a Review'),
(66, 'Write your comment (Optional)', 'Write your comment (Optional)'),
(67, 'Submit Review', 'Submit Review'),
(68, 'You already have given a rating!', 'You already have given a rating!'),
(69, 'You must have to login to give a review', 'You must have to login to give a review'),
(70, 'No description found', 'No description found'),
(71, 'No feature found', 'No feature found'),
(72, 'No condition found', 'No condition found'),
(73, 'No return policy found', 'No return policy found'),
(74, 'Review not found', 'Review not found'),
(75, 'Customer Name', 'Customer Name'),
(76, 'Comment', 'Comment'),
(77, 'Comments', 'Comments'),
(78, 'Rating', 'Rating'),
(79, 'Previous', 'Previous'),
(80, 'Next', 'Next'),
(81, 'Sub Total', 'Sub Total'),
(82, 'Total', 'Total'),
(83, 'Action', 'Action'),
(84, 'Shipping Cost', 'Shipping Cost'),
(85, 'Continue Shopping', 'Continue Shopping'),
(86, 'Update Billing Address', 'Update Billing Address'),
(87, 'Update Shipping Address', 'Update Shipping Address'),
(88, 'Update Billing and Shipping Info', 'Update Billing and Shipping Info'),
(89, 'Dashboard', 'Dashboard'),
(90, 'Welcome to the Dashboard', 'Welcome to the Dashboard'),
(91, 'Back to Dashboard', 'Back to Dashboard'),
(92, 'Subscribe', 'Subscribe'),
(93, 'Subscribe To Our Newsletter', 'Subscribe To Our Newsletter'),
(94, 'Email Address', 'Email Address'),
(95, 'Enter Your Email Address', 'Enter Your Email Address'),
(96, 'Password', 'Password'),
(97, 'Forget Password', 'Forget Password'),
(98, 'Retype Password', 'Retype Password'),
(99, 'Update Password', 'Update Password'),
(100, 'New Password', 'New Password'),
(101, 'Retype New Password', 'Retype New Password'),
(102, 'Full Name', 'Full Name'),
(103, 'Company Name', 'Company Name'),
(104, 'Phone Number', 'Phone Number'),
(105, 'Address', 'Address'),
(106, 'Country', 'Country'),
(107, 'City', 'City'),
(108, 'State', 'State'),
(109, 'Zip Code', 'Zip Code'),
(110, 'About Us', 'About Us'),
(111, 'Featured Posts', 'Featured Posts'),
(112, 'Popular Posts', 'Popular Posts'),
(113, 'Recent Posts', 'Recent Posts'),
(114, 'Contact Information', 'Contact Information'),
(115, 'Contact Form', 'Contact Form'),
(116, 'Our Office', 'Our Office'),
(117, 'Update Profile', 'Update Profile'),
(118, 'Send Message', 'Send Message'),
(119, 'Message', 'Message'),
(120, 'Find Us On Map', 'Find Us On Map'),
(121, 'Congratulation! Payment is successful.', 'Congratulation! Payment is successful.'),
(122, 'Billing and Shipping Information is updated successfully.', 'Billing and Shipping Information is updated successfully.'),
(123, 'Customer Name can not be empty.', 'Customer Name can not be empty.'),
(124, 'Phone Number can not be empty.', 'Phone Number can not be empty.'),
(125, 'Address can not be empty.', 'Address can not be empty.'),
(126, 'You must have to select a country.', 'You must have to select a country.'),
(127, 'City can not be empty.', 'City can not be empty.'),
(128, 'State can not be empty.', 'State can not be empty.'),
(129, 'Zip Code can not be empty.', 'Zip Code can not be empty.'),
(130, 'Profile Information is updated successfully.', 'Profile Information is updated successfully.'),
(131, 'Email Address can not be empty', 'Email Address can not be empty'),
(132, 'Email and/or Password can not be empty.', 'Email and/or Password can not be empty.'),
(133, 'Email Address does not match.', 'Email Address does not match.'),
(134, 'Email address must be valid.', 'Email address must be valid.'),
(135, 'You email address is not found in our system.', 'You email address is not found in our system.'),
(136, 'Please check your email and confirm your subscription.', 'Please check your email and confirm your subscription.'),
(137, 'Your email is verified successfully. You can now login to our website.', 'Your email is verified successfully. You can now login to our website.'),
(138, 'Password can not be empty.', 'Password can not be empty.'),
(139, 'Passwords do not match.', 'Passwords do not match.'),
(140, 'Please enter new and retype passwords.', 'Please enter new and retype passwords.'),
(141, 'Password is updated successfully.', 'Password is updated successfully.'),
(142, 'To reset your password, please click on the link below.', 'To reset your password, please click on the link below.'),
(143, 'PASSWORD RESET REQUEST - YOUR WEBSITE.COM', 'PASSWORD RESET REQUEST - YOUR WEBSITE.COM'),
(144, 'The password reset email time (24 hours) has expired. Please again try to reset your password.', 'The password reset email time (24 hours) has expired. Please again try to reset your password.'),
(145, 'A confirmation link is sent to your email address. You will get the password reset information in there.', 'A confirmation link is sent to your email address. You will get the password reset information in there.'),
(146, 'Password is reset successfully. You can now login.', 'Password is reset successfully. You can now login.'),
(147, 'Email Address Already Exists', 'Email Address Already Exists.'),
(148, 'Sorry! Your account is inactive. Please contact to the administrator.', 'Sorry! Your account is inactive. Please contact to the administrator.'),
(149, 'Change Password', 'Change Password'),
(150, 'Registration Email Confirmation for YOUR WEBSITE', 'Registration Email Confirmation for YOUR WEBSITE.'),
(151, 'Thank you for your registration! Your account has been created. To active your account click on the link below:', 'Thank you for your registration! Your account has been created. To active your account click on the link below:'),
(152, 'Your registration is completed. Please check your email address to follow the process to confirm your registration.', 'Your registration is completed. Please check your email address to follow the process to confirm your registration.'),
(153, 'No Product Found', 'No Product Found'),
(154, 'Add to Cart', 'Add to Cart'),
(155, 'Related Products', 'Related Products'),
(156, 'See all related products from below', 'See all the related products from below'),
(157, 'Size', 'Size'),
(158, 'Color', 'Color'),
(159, 'Price', 'Price'),
(160, 'Please login as customer to checkout', 'Please login as customer to checkout'),
(161, 'Billing Address', 'Billing Address'),
(162, 'Shipping Address', 'Shipping Address'),
(163, 'Rating is Submitted Successfully!', 'Rating is Submitted Successfully!');

-- --------------------------------------------------------

--
-- Table structure for table `tbl_mid_category`
--

CREATE TABLE `tbl_mid_category` (
  `mcat_id` int(11) NOT NULL,
  `mcat_name` varchar(255) NOT NULL,
  `tcat_id` int(11) NOT NULL
) ENGINE=InnoDB DEFAULT CHARSET=latin1;

--
-- Dumping data for table `tbl_mid_category`
--

INSERT INTO `tbl_mid_category` (`mcat_id`, `mcat_name`, `tcat_id`) VALUES
(1, 'Sasso', 1),
(2, 'Local Chicken', 1),
(3, 'Local Chicken Eggs', 2),
(4, 'Broiler Chicken Eggs', 2),
(6, 'Layer Chicken Eggs', 2),
(7, 'Organic Chicken Eggs', 2),
(8, 'Broiler Chickens', 1),
(9, 'Layer Chickens', 1),
(10, 'Broiler Chicken Sausage', 3),
(11, 'Local Chicken Sausages', 3),
(12, 'Organic Chicken Sausages', 3),
(14, 'Organic Chicken Meat', 4),
(15, 'Local Chicken Meat', 4),
(16, 'Contour Feathers', 5),
(17, 'Down Feathers', 5);

-- --------------------------------------------------------

--
-- Table structure for table `tbl_order`
--

CREATE TABLE `tbl_order` (
  `id` int(11) NOT NULL,
  `product_id` int(11) NOT NULL,
  `product_name` varchar(255) NOT NULL,
  `size` varchar(100) NOT NULL,
  `color` varchar(100) NOT NULL,
  `quantity` varchar(50) NOT NULL,
  `unit_price` varchar(50) NOT NULL,
  `payment_id` varchar(255) NOT NULL
) ENGINE=InnoDB DEFAULT CHARSET=latin1;

--
-- Dumping data for table `tbl_order`
--

INSERT INTO `tbl_order` (`id`, `product_id`, `product_name`, `size`, `color`, `quantity`, `unit_price`, `payment_id`) VALUES
(9, 104, 'Mixed Chicken', '1 month', 'Leghorn(white egg, white Feather)', '1', '230', '1734078324');

-- --------------------------------------------------------

--
-- Table structure for table `tbl_page`
--

CREATE TABLE `tbl_page` (
  `id` int(11) NOT NULL,
  `about_title` varchar(255) NOT NULL,
  `about_content` text NOT NULL,
  `about_banner` varchar(255) NOT NULL,
  `about_meta_title` varchar(255) NOT NULL,
  `about_meta_keyword` text NOT NULL,
  `about_meta_description` text NOT NULL,
  `faq_title` varchar(255) NOT NULL,
  `faq_banner` varchar(255) NOT NULL,
  `faq_meta_title` varchar(255) NOT NULL,
  `faq_meta_keyword` text NOT NULL,
  `faq_meta_description` text NOT NULL,
  `blog_title` varchar(255) NOT NULL,
  `blog_banner` varchar(255) NOT NULL,
  `blog_meta_title` varchar(255) NOT NULL,
  `blog_meta_keyword` text NOT NULL,
  `blog_meta_description` text NOT NULL,
  `contact_title` varchar(255) NOT NULL,
  `contact_banner` varchar(255) NOT NULL,
  `contact_meta_title` varchar(255) NOT NULL,
  `contact_meta_keyword` text NOT NULL,
  `contact_meta_description` text NOT NULL,
  `pgallery_title` varchar(255) NOT NULL,
  `pgallery_banner` varchar(255) NOT NULL,
  `pgallery_meta_title` varchar(255) NOT NULL,
  `pgallery_meta_keyword` text NOT NULL,
  `pgallery_meta_description` text NOT NULL,
  `vgallery_title` varchar(255) NOT NULL,
  `vgallery_banner` varchar(255) NOT NULL,
  `vgallery_meta_title` varchar(255) NOT NULL,
  `vgallery_meta_keyword` text NOT NULL,
  `vgallery_meta_description` text NOT NULL
) ENGINE=InnoDB DEFAULT CHARSET=latin1;

--
-- Dumping data for table `tbl_page`
--

INSERT INTO `tbl_page` (`id`, `about_title`, `about_content`, `about_banner`, `about_meta_title`, `about_meta_keyword`, `about_meta_description`, `faq_title`, `faq_banner`, `faq_meta_title`, `faq_meta_keyword`, `faq_meta_description`, `blog_title`, `blog_banner`, `blog_meta_title`, `blog_meta_keyword`, `blog_meta_description`, `contact_title`, `contact_banner`, `contact_meta_title`, `contact_meta_keyword`, `contact_meta_description`, `pgallery_title`, `pgallery_banner`, `pgallery_meta_title`, `pgallery_meta_keyword`, `pgallery_meta_description`, `vgallery_title`, `vgallery_banner`, `vgallery_meta_title`, `vgallery_meta_keyword`, `vgallery_meta_description`) VALUES
(1, 'About Us', '<p><strong>Welcome to Chicken Point Online System – Group 2!</strong></p><p>We are thrilled to introduce you to <strong>Chicken Point Online System</strong>, your go-to platform for everything chicken-related. Whether you\'re looking for fresh chicken products, poultry farming supplies, or innovative chicken care solutions, we\'ve got you covered. Our mission is to provide top-quality products while ensuring excellent customer service and unwavering support.</p><h3>Why Choose Chicken Point?</h3><p>At <strong>Chicken Point</strong>, we understand the importance of quality, affordability, and reliability. With our years of experience in the poultry industry, we are committed to delivering high-quality chicken products that meet the diverse needs of our customers. Our dedication to excellence has helped us build a loyal customer base worldwide, and we are proud to be a part of the thriving poultry industry.</p><h3>What We Offer:</h3><ul><li><p><strong>Fresh and Processed Chicken Products</strong><br>From fresh cuts to processed chicken products, we guarantee top-notch quality that you can trust.</p></li><li><p><strong>Poultry Supplies and Equipment</strong><br>Everything you need for poultry farming, including feeds, cages, and tools, to help you care for your chickens efficiently.</p></li><li><p><strong>Innovative Chicken Care Solutions</strong><br>We bring you the latest in poultry technology, including smart feeding systems and monitoring devices, ensuring the health and well-being of your flock.</p></li></ul><h3>Our Core Values:</h3><ul><li><p><strong>Customer Satisfaction First</strong><br>We prioritize the interests of our customers, keeping their needs and preferences at the forefront of everything we do. Your satisfaction is our success.</p></li><li><p><strong>Quality Assurance</strong><br>We promise what you see is exactly what you get—high-quality products with a hassle-free shopping experience.</p></li><li><p><strong>Affordable Prices</strong><br>Enjoy the best value for money with our budget-friendly pricing.</p></li><li><p><strong>Secure Transactions</strong><br>All purchases on our platform are verified by leading security providers to ensure your personal and payment details are safe.</p></li></ul><h3>Our Benefits:</h3><ul><li><p><strong>Low Price Guarantee</strong><br>Shop confidently, knowing you\'re getting the best prices on all our products.</p></li><li><p><strong>24/7 Customer Support</strong><br>Reach us anytime via email, text, or call. We\'re here for you whenever you need assistance.</p></li><li><p><strong>Worldwide Shipping</strong><br>No matter where you are, we\'ll deliver our products to your doorstep.</p></li><li><p><strong>Easy Returns</strong><br>Not satisfied with your purchase? No problem! We offer a simple 3-day return policy. Contact us at <strong><a rel=\"noopener\"><span>support</span><span>@chickenpoint.com</span></a></strong> for more details.</p></li></ul><h3>Bringing the Best to Every Chicken Lover</h3><p>From poultry farmers to chicken enthusiasts, our platform is designed to serve all your chicken-related needs. We are passionate about what we do and are constantly expanding our offerings to ensure you have access to the latest trends and solutions in the poultry industry.</p><h3>Share the Love</h3><p>Spread the word about <strong>Chicken Point Online System</strong> and refer us to your family, friends, and colleagues. Enjoy exclusive rewards for every successful referral! Don’t forget to share your experience by leaving reviews—we value your feedback.</p><h3>Join Us Today!</h3><p>Start your journey with <strong>Chicken Point Online System – Group 2</strong> now. Discover, shop, and fall in love with our products and services. Together, let’s create a better poultry experience for everyone!</p>', 'about-banner.jpg', 'Chickhen-point  - About Us', 'about, about us, about Chicken, about company, about Chicken all products', 'Our goal has always been to bring out the best in you. That\'s why we offer a wide range of chicken products and supplies—perfect for any occasion, whether it’s a family gathering, a festive celebration, or any event that calls for delicious and high-quality chicken!', 'FAQ', 'faq-banner.jpg', 'Fashionys.com - FAQ', '', '', 'Blog', 'blog-banner.jpg', 'Ecommerce - Blog', '', '', 'Contact Us', 'contact-banner.jpg', 'Fashionys.com - Contact', '', '', 'Photo Gallery', 'pgallery-banner.jpg', 'Ecommerce - Photo Gallery', '', '', 'Video Gallery', 'vgallery-banner.jpg', 'Ecommerce - Video Gallery', '', '');

-- --------------------------------------------------------

--
-- Table structure for table `tbl_payment`
--

CREATE TABLE `tbl_payment` (
  `id` int(11) NOT NULL,
  `customer_id` int(11) NOT NULL,
  `customer_name` varchar(255) NOT NULL,
  `customer_email` varchar(255) NOT NULL,
  `payment_date` varchar(50) NOT NULL,
  `txnid` varchar(255) NOT NULL,
  `paid_amount` int(11) NOT NULL,
  `card_number` varchar(50) NOT NULL,
  `card_cvv` varchar(10) NOT NULL,
  `card_month` varchar(10) NOT NULL,
  `card_year` varchar(10) NOT NULL,
  `bank_transaction_info` text NOT NULL,
  `payment_method` varchar(20) NOT NULL,
  `payment_status` varchar(25) NOT NULL,
  `shipping_status` varchar(20) NOT NULL,
  `payment_id` varchar(255) NOT NULL
) ENGINE=MyISAM DEFAULT CHARSET=latin1;

--
-- Dumping data for table `tbl_payment`
--

INSERT INTO `tbl_payment` (`id`, `customer_id`, `customer_name`, `customer_email`, `payment_date`, `txnid`, `paid_amount`, `card_number`, `card_cvv`, `card_month`, `card_year`, `bank_transaction_info`, `payment_method`, `payment_status`, `shipping_status`, `payment_id`) VALUES
(59, 1, 'Tamimu Said Rashid', 'rashidytamimu@gmail.com', '2024-12-13 00:25:24', '', 330, '', '', '', '', 'Bank Name: CRDB Bank\r\nAccount Number: 014294739847238\r\nBranch Name: Sakina Branch\r\nCountry: Tanzania ', 'Bank Deposit', 'Completed', 'Completed', '1734078324'),
(57, 1, 'Tamimu Said Rashid', 'rashidytamimu@gmail.com', '2024-12-12 10:15:35', '', 448, '', '', '', '', 'Bank Name: CRDB Bank\r\nAccount Number: 014294739847238\r\nBranch Name: Sakina Branch\r\nCountry: Tanzania ', 'Bank Deposit', 'Completed', 'Completed', '1734027335');

-- --------------------------------------------------------

--
-- Table structure for table `tbl_photo`
--

CREATE TABLE `tbl_photo` (
  `id` int(11) NOT NULL,
  `caption` varchar(255) NOT NULL,
  `photo` varchar(255) NOT NULL
) ENGINE=InnoDB DEFAULT CHARSET=latin1;

--
-- Dumping data for table `tbl_photo`
--

INSERT INTO `tbl_photo` (`id`, `caption`, `photo`) VALUES
(1, 'Photo 1', 'photo-1.jpg'),
(2, 'Photo 2', 'photo-2.jpg'),
(3, 'Photo 3', 'photo-3.jpg'),
(4, 'Photo 4', 'photo-4.jpg'),
(5, 'Photo 5', 'photo-5.jpg'),
(6, 'Photo 6', 'photo-6.jpg');

-- --------------------------------------------------------

--
-- Table structure for table `tbl_post`
--

CREATE TABLE `tbl_post` (
  `post_id` int(11) NOT NULL,
  `post_title` varchar(255) NOT NULL,
  `post_slug` varchar(255) NOT NULL,
  `post_content` text NOT NULL,
  `post_date` varchar(255) NOT NULL,
  `photo` varchar(255) NOT NULL,
  `category_id` int(11) NOT NULL,
  `total_view` int(11) NOT NULL,
  `meta_title` varchar(255) NOT NULL,
  `meta_keyword` text NOT NULL,
  `meta_description` text NOT NULL
) ENGINE=InnoDB DEFAULT CHARSET=latin1;

--
-- Dumping data for table `tbl_post`
--

INSERT INTO `tbl_post` (`post_id`, `post_title`, `post_slug`, `post_content`, `post_date`, `photo`, `category_id`, `total_view`, `meta_title`, `meta_keyword`, `meta_description`) VALUES
(1, 'Cu vel choro exerci pri et oratio iisque', 'cu-vel-choro-exerci-pri-et-oratio-iisque', '<p>Lorem ipsum dolor sit amet, qui case probo velit no, an postea scaevola partiendo mei. Id mea fuisset perpetua referrentur. Ut everti ceteros mei, alii discere eum no, duo id malis iuvaret. Ad sint everti accusam vel, ea viderer suscipiantur pri. Brute option minimum in cum, ignota iuvaret an pro.</p>\r\n\r\n<p>Solum atqui intellegebat mea an. Ne ius alterum aliquam. Ea nec populo aliquid mentitum, vis in meliore atomorum, sanctus consequat vituperatoribus duo ea. Ad doctus pertinacia ius, virtute fuisset id has, eum ut modo principes. Qui eu labore adversarium, oporteat delicata qui ut, an qui meliore principes. Id aliquid dolorum nam.</p>\r\n\r\n<p>Reque pericula philosophia ut mei, volumus eligendi mandamus has an. In nobis consulatu pri, has at timeam scaevola, has simul quaeque et. Te nec sale accumsan. Dolorem prodesset efficiendi sea ea.</p>\r\n\r\n<p>Et habeo modus debitis pri, vel quis fierent albucius ne. Ea animal meliore usu, nec etiam dolorum atomorum at, nam in audire mandamus omittantur. Cu ius dicam officiis molestiae, mea volumus officiis cotidieque no. Ut vel possim interpretaris, idque probatus antiopam has ad. Facilisi qualisque te sea, no dolorum mnesarchum usu.</p>\r\n\r\n<p>Eum tota graeci impetus an, eirmod invenire rationibus ne mel. Ignota habemus eum ex, vis omnesque delicata perpetua an. Sit id modo invidunt sapientem, ne eum vocibus dolores phaedrum. Case praesent appellantur eu per.</p>\r\n', '05-09-2017', 'news-1.jpg', 3, 14, 'Cu vel choro exerci pri et oratio iisque', '', ''),
(2, 'Epicurei necessitatibus eu facilisi postulant ', 'epicurei-necessitatibus-eu-facilisi-postulant-', '<p>Lorem ipsum dolor sit amet, qui case probo velit no, an postea scaevola partiendo mei. Id mea fuisset perpetua referrentur. Ut everti ceteros mei, alii discere eum no, duo id malis iuvaret. Ad sint everti accusam vel, ea viderer suscipiantur pri. Brute option minimum in cum, ignota iuvaret an pro.</p>\r\n\r\n<p>Solum atqui intellegebat mea an. Ne ius alterum aliquam. Ea nec populo aliquid mentitum, vis in meliore atomorum, sanctus consequat vituperatoribus duo ea. Ad doctus pertinacia ius, virtute fuisset id has, eum ut modo principes. Qui eu labore adversarium, oporteat delicata qui ut, an qui meliore principes. Id aliquid dolorum nam.</p>\r\n\r\n<p>Reque pericula philosophia ut mei, volumus eligendi mandamus has an. In nobis consulatu pri, has at timeam scaevola, has simul quaeque et. Te nec sale accumsan. Dolorem prodesset efficiendi sea ea.</p>\r\n\r\n<p>Et habeo modus debitis pri, vel quis fierent albucius ne. Ea animal meliore usu, nec etiam dolorum atomorum at, nam in audire mandamus omittantur. Cu ius dicam officiis molestiae, mea volumus officiis cotidieque no. Ut vel possim interpretaris, idque probatus antiopam has ad. Facilisi qualisque te sea, no dolorum mnesarchum usu.</p>\r\n\r\n<p>Eum tota graeci impetus an, eirmod invenire rationibus ne mel. Ignota habemus eum ex, vis omnesque delicata perpetua an. Sit id modo invidunt sapientem, ne eum vocibus dolores phaedrum. Case praesent appellantur eu per.</p>\r\n', '05-09-2017', 'news-2.jpg', 3, 6, 'Epicurei necessitatibus eu facilisi postulant ', '', ''),
(3, 'Mei ut errem legimus periculis eos liber', 'mei-ut-errem-legimus-periculis-eos-liber', '<p>Lorem ipsum dolor sit amet, qui case probo velit no, an postea scaevola partiendo mei. Id mea fuisset perpetua referrentur. Ut everti ceteros mei, alii discere eum no, duo id malis iuvaret. Ad sint everti accusam vel, ea viderer suscipiantur pri. Brute option minimum in cum, ignota iuvaret an pro.</p>\r\n\r\n<p>Solum atqui intellegebat mea an. Ne ius alterum aliquam. Ea nec populo aliquid mentitum, vis in meliore atomorum, sanctus consequat vituperatoribus duo ea. Ad doctus pertinacia ius, virtute fuisset id has, eum ut modo principes. Qui eu labore adversarium, oporteat delicata qui ut, an qui meliore principes. Id aliquid dolorum nam.</p>\r\n\r\n<p>Reque pericula philosophia ut mei, volumus eligendi mandamus has an. In nobis consulatu pri, has at timeam scaevola, has simul quaeque et. Te nec sale accumsan. Dolorem prodesset efficiendi sea ea.</p>\r\n\r\n<p>Et habeo modus debitis pri, vel quis fierent albucius ne. Ea animal meliore usu, nec etiam dolorum atomorum at, nam in audire mandamus omittantur. Cu ius dicam officiis molestiae, mea volumus officiis cotidieque no. Ut vel possim interpretaris, idque probatus antiopam has ad. Facilisi qualisque te sea, no dolorum mnesarchum usu.</p>\r\n\r\n<p>Eum tota graeci impetus an, eirmod invenire rationibus ne mel. Ignota habemus eum ex, vis omnesque delicata perpetua an. Sit id modo invidunt sapientem, ne eum vocibus dolores phaedrum. Case praesent appellantur eu per.</p>\r\n', '05-09-2017', 'news-3.jpg', 3, 1, 'Mei ut errem legimus periculis eos liber', '', ''),
(4, 'Id pro unum pertinax oportere vel', 'id-pro-unum-pertinax-oportere-vel', '<p>Lorem ipsum dolor sit amet, qui case probo velit no, an postea scaevola partiendo mei. Id mea fuisset perpetua referrentur. Ut everti ceteros mei, alii discere eum no, duo id malis iuvaret. Ad sint everti accusam vel, ea viderer suscipiantur pri. Brute option minimum in cum, ignota iuvaret an pro.</p>\r\n\r\n<p>Solum atqui intellegebat mea an. Ne ius alterum aliquam. Ea nec populo aliquid mentitum, vis in meliore atomorum, sanctus consequat vituperatoribus duo ea. Ad doctus pertinacia ius, virtute fuisset id has, eum ut modo principes. Qui eu labore adversarium, oporteat delicata qui ut, an qui meliore principes. Id aliquid dolorum nam.</p>\r\n\r\n<p>Reque pericula philosophia ut mei, volumus eligendi mandamus has an. In nobis consulatu pri, has at timeam scaevola, has simul quaeque et. Te nec sale accumsan. Dolorem prodesset efficiendi sea ea.</p>\r\n\r\n<p>Et habeo modus debitis pri, vel quis fierent albucius ne. Ea animal meliore usu, nec etiam dolorum atomorum at, nam in audire mandamus omittantur. Cu ius dicam officiis molestiae, mea volumus officiis cotidieque no. Ut vel possim interpretaris, idque probatus antiopam has ad. Facilisi qualisque te sea, no dolorum mnesarchum usu.</p>\r\n\r\n<p>Eum tota graeci impetus an, eirmod invenire rationibus ne mel. Ignota habemus eum ex, vis omnesque delicata perpetua an. Sit id modo invidunt sapientem, ne eum vocibus dolores phaedrum. Case praesent appellantur eu per.</p>\r\n', '05-09-2017', 'news-4.jpg', 4, 0, 'Id pro unum pertinax oportere vel', '', ''),
(5, 'Tollit cetero cu usu etiam evertitur', 'tollit-cetero-cu-usu-etiam-evertitur', '<p>Lorem ipsum dolor sit amet, qui case probo velit no, an postea scaevola partiendo mei. Id mea fuisset perpetua referrentur. Ut everti ceteros mei, alii discere eum no, duo id malis iuvaret. Ad sint everti accusam vel, ea viderer suscipiantur pri. Brute option minimum in cum, ignota iuvaret an pro.</p>\r\n\r\n<p>Solum atqui intellegebat mea an. Ne ius alterum aliquam. Ea nec populo aliquid mentitum, vis in meliore atomorum, sanctus consequat vituperatoribus duo ea. Ad doctus pertinacia ius, virtute fuisset id has, eum ut modo principes. Qui eu labore adversarium, oporteat delicata qui ut, an qui meliore principes. Id aliquid dolorum nam.</p>\r\n\r\n<p>Reque pericula philosophia ut mei, volumus eligendi mandamus has an. In nobis consulatu pri, has at timeam scaevola, has simul quaeque et. Te nec sale accumsan. Dolorem prodesset efficiendi sea ea.</p>\r\n\r\n<p>Et habeo modus debitis pri, vel quis fierent albucius ne. Ea animal meliore usu, nec etiam dolorum atomorum at, nam in audire mandamus omittantur. Cu ius dicam officiis molestiae, mea volumus officiis cotidieque no. Ut vel possim interpretaris, idque probatus antiopam has ad. Facilisi qualisque te sea, no dolorum mnesarchum usu.</p>\r\n\r\n<p>Eum tota graeci impetus an, eirmod invenire rationibus ne mel. Ignota habemus eum ex, vis omnesque delicata perpetua an. Sit id modo invidunt sapientem, ne eum vocibus dolores phaedrum. Case praesent appellantur eu per.</p>\r\n', '05-09-2017', 'news-5.jpg', 4, 24, 'Tollit cetero cu usu etiam evertitur', '', ''),
(6, 'Omnes ornatus qui et te aeterno', 'omnes-ornatus-qui-et-te-aeterno', '<p>Lorem ipsum dolor sit amet, qui case probo velit no, an postea scaevola partiendo mei. Id mea fuisset perpetua referrentur. Ut everti ceteros mei, alii discere eum no, duo id malis iuvaret. Ad sint everti accusam vel, ea viderer suscipiantur pri. Brute option minimum in cum, ignota iuvaret an pro.</p>\r\n\r\n<p>Solum atqui intellegebat mea an. Ne ius alterum aliquam. Ea nec populo aliquid mentitum, vis in meliore atomorum, sanctus consequat vituperatoribus duo ea. Ad doctus pertinacia ius, virtute fuisset id has, eum ut modo principes. Qui eu labore adversarium, oporteat delicata qui ut, an qui meliore principes. Id aliquid dolorum nam.</p>\r\n\r\n<p>Reque pericula philosophia ut mei, volumus eligendi mandamus has an. In nobis consulatu pri, has at timeam scaevola, has simul quaeque et. Te nec sale accumsan. Dolorem prodesset efficiendi sea ea.</p>\r\n\r\n<p>Et habeo modus debitis pri, vel quis fierent albucius ne. Ea animal meliore usu, nec etiam dolorum atomorum at, nam in audire mandamus omittantur. Cu ius dicam officiis molestiae, mea volumus officiis cotidieque no. Ut vel possim interpretaris, idque probatus antiopam has ad. Facilisi qualisque te sea, no dolorum mnesarchum usu.</p>\r\n\r\n<p>Eum tota graeci impetus an, eirmod invenire rationibus ne mel. Ignota habemus eum ex, vis omnesque delicata perpetua an. Sit id modo invidunt sapientem, ne eum vocibus dolores phaedrum. Case praesent appellantur eu per.</p>\r\n', '05-09-2017', 'news-6.jpg', 4, 2, 'Omnes ornatus qui et te aeterno', '', ''),
(7, 'Vix tale noluisse voluptua ad ne', 'vix-tale-noluisse-voluptua-ad-ne', '<p>Lorem ipsum dolor sit amet, qui case probo velit no, an postea scaevola partiendo mei. Id mea fuisset perpetua referrentur. Ut everti ceteros mei, alii discere eum no, duo id malis iuvaret. Ad sint everti accusam vel, ea viderer suscipiantur pri. Brute option minimum in cum, ignota iuvaret an pro.</p>\r\n\r\n<p>Solum atqui intellegebat mea an. Ne ius alterum aliquam. Ea nec populo aliquid mentitum, vis in meliore atomorum, sanctus consequat vituperatoribus duo ea. Ad doctus pertinacia ius, virtute fuisset id has, eum ut modo principes. Qui eu labore adversarium, oporteat delicata qui ut, an qui meliore principes. Id aliquid dolorum nam.</p>\r\n\r\n<p>Reque pericula philosophia ut mei, volumus eligendi mandamus has an. In nobis consulatu pri, has at timeam scaevola, has simul quaeque et. Te nec sale accumsan. Dolorem prodesset efficiendi sea ea.</p>\r\n\r\n<p>Et habeo modus debitis pri, vel quis fierent albucius ne. Ea animal meliore usu, nec etiam dolorum atomorum at, nam in audire mandamus omittantur. Cu ius dicam officiis molestiae, mea volumus officiis cotidieque no. Ut vel possim interpretaris, idque probatus antiopam has ad. Facilisi qualisque te sea, no dolorum mnesarchum usu.</p>\r\n\r\n<p>Eum tota graeci impetus an, eirmod invenire rationibus ne mel. Ignota habemus eum ex, vis omnesque delicata perpetua an. Sit id modo invidunt sapientem, ne eum vocibus dolores phaedrum. Case praesent appellantur eu per.</p>\r\n', '05-09-2017', 'news-7.jpg', 2, 0, 'Vix tale noluisse voluptua ad ne', '', ''),
(8, 'Liber utroque vim an ne his brute', 'liber-utroque-vim-an-ne-his-brute', '<p>Lorem ipsum dolor sit amet, qui case probo velit no, an postea scaevola partiendo mei. Id mea fuisset perpetua referrentur. Ut everti ceteros mei, alii discere eum no, duo id malis iuvaret. Ad sint everti accusam vel, ea viderer suscipiantur pri. Brute option minimum in cum, ignota iuvaret an pro.</p>\r\n\r\n<p>Solum atqui intellegebat mea an. Ne ius alterum aliquam. Ea nec populo aliquid mentitum, vis in meliore atomorum, sanctus consequat vituperatoribus duo ea. Ad doctus pertinacia ius, virtute fuisset id has, eum ut modo principes. Qui eu labore adversarium, oporteat delicata qui ut, an qui meliore principes. Id aliquid dolorum nam.</p>\r\n\r\n<p>Reque pericula philosophia ut mei, volumus eligendi mandamus has an. In nobis consulatu pri, has at timeam scaevola, has simul quaeque et. Te nec sale accumsan. Dolorem prodesset efficiendi sea ea.</p>\r\n\r\n<p>Et habeo modus debitis pri, vel quis fierent albucius ne. Ea animal meliore usu, nec etiam dolorum atomorum at, nam in audire mandamus omittantur. Cu ius dicam officiis molestiae, mea volumus officiis cotidieque no. Ut vel possim interpretaris, idque probatus antiopam has ad. Facilisi qualisque te sea, no dolorum mnesarchum usu.</p>\r\n\r\n<p>Eum tota graeci impetus an, eirmod invenire rationibus ne mel. Ignota habemus eum ex, vis omnesque delicata perpetua an. Sit id modo invidunt sapientem, ne eum vocibus dolores phaedrum. Case praesent appellantur eu per.</p>\r\n', '05-09-2017', 'news-8.jpg', 2, 12, 'Liber utroque vim an ne his brute', '', ''),
(9, 'Nostrum copiosae argumentum has', 'nostrum-copiosae-argumentum-has', '<p>Lorem ipsum dolor sit amet, qui case probo velit no, an postea scaevola partiendo mei. Id mea fuisset perpetua referrentur. Ut everti ceteros mei, alii discere eum no, duo id malis iuvaret. Ad sint everti accusam vel, ea viderer suscipiantur pri. Brute option minimum in cum, ignota iuvaret an pro.</p>\r\n\r\n<p>Solum atqui intellegebat mea an. Ne ius alterum aliquam. Ea nec populo aliquid mentitum, vis in meliore atomorum, sanctus consequat vituperatoribus duo ea. Ad doctus pertinacia ius, virtute fuisset id has, eum ut modo principes. Qui eu labore adversarium, oporteat delicata qui ut, an qui meliore principes. Id aliquid dolorum nam.</p>\r\n\r\n<p>Reque pericula philosophia ut mei, volumus eligendi mandamus has an. In nobis consulatu pri, has at timeam scaevola, has simul quaeque et. Te nec sale accumsan. Dolorem prodesset efficiendi sea ea.</p>\r\n\r\n<p>Et habeo modus debitis pri, vel quis fierent albucius ne. Ea animal meliore usu, nec etiam dolorum atomorum at, nam in audire mandamus omittantur. Cu ius dicam officiis molestiae, mea volumus officiis cotidieque no. Ut vel possim interpretaris, idque probatus antiopam has ad. Facilisi qualisque te sea, no dolorum mnesarchum usu.</p>\r\n\r\n<p>Eum tota graeci impetus an, eirmod invenire rationibus ne mel. Ignota habemus eum ex, vis omnesque delicata perpetua an. Sit id modo invidunt sapientem, ne eum vocibus dolores phaedrum. Case praesent appellantur eu per.</p>\r\n', '05-09-2017', 'news-9.jpg', 1, 12, 'Nostrum copiosae argumentum has', '', ''),
(10, 'An labores explicari qui eu', 'an-labores-explicari-qui-eu', '<p>Lorem ipsum dolor sit amet, qui case probo velit no, an postea scaevola partiendo mei. Id mea fuisset perpetua referrentur. Ut everti ceteros mei, alii discere eum no, duo id malis iuvaret. Ad sint everti accusam vel, ea viderer suscipiantur pri. Brute option minimum in cum, ignota iuvaret an pro.</p>\r\n\r\n<p>Solum atqui intellegebat mea an. Ne ius alterum aliquam. Ea nec populo aliquid mentitum, vis in meliore atomorum, sanctus consequat vituperatoribus duo ea. Ad doctus pertinacia ius, virtute fuisset id has, eum ut modo principes. Qui eu labore adversarium, oporteat delicata qui ut, an qui meliore principes. Id aliquid dolorum nam.</p>\r\n\r\n<p>Reque pericula philosophia ut mei, volumus eligendi mandamus has an. In nobis consulatu pri, has at timeam scaevola, has simul quaeque et. Te nec sale accumsan. Dolorem prodesset efficiendi sea ea.</p>\r\n\r\n<p>Et habeo modus debitis pri, vel quis fierent albucius ne. Ea animal meliore usu, nec etiam dolorum atomorum at, nam in audire mandamus omittantur. Cu ius dicam officiis molestiae, mea volumus officiis cotidieque no. Ut vel possim interpretaris, idque probatus antiopam has ad. Facilisi qualisque te sea, no dolorum mnesarchum usu.</p>\r\n\r\n<p>Eum tota graeci impetus an, eirmod invenire rationibus ne mel. Ignota habemus eum ex, vis omnesque delicata perpetua an. Sit id modo invidunt sapientem, ne eum vocibus dolores phaedrum. Case praesent appellantur eu per.</p>\r\n', '05-09-2017', 'news-10.jpg', 1, 4, 'An labores explicari qui eu', '', ''),
(11, 'Lorem ipsum dolor sit amet', 'lorem-ipsum-dolor-sit-amet', '<p>Lorem ipsum dolor sit amet, qui case probo velit no, an postea scaevola partiendo mei. Id mea fuisset perpetua referrentur. Ut everti ceteros mei, alii discere eum no, duo id malis iuvaret. Ad sint everti accusam vel, ea viderer suscipiantur pri. Brute option minimum in cum, ignota iuvaret an pro.</p>\r\n\r\n<p>Solum atqui intellegebat mea an. Ne ius alterum aliquam. Ea nec populo aliquid mentitum, vis in meliore atomorum, sanctus consequat vituperatoribus duo ea. Ad doctus pertinacia ius, virtute fuisset id has, eum ut modo principes. Qui eu labore adversarium, oporteat delicata qui ut, an qui meliore principes. Id aliquid dolorum nam.</p>\r\n\r\n<p>Reque pericula philosophia ut mei, volumus eligendi mandamus has an. In nobis consulatu pri, has at timeam scaevola, has simul quaeque et. Te nec sale accumsan. Dolorem prodesset efficiendi sea ea.</p>\r\n\r\n<p>Et habeo modus debitis pri, vel quis fierent albucius ne. Ea animal meliore usu, nec etiam dolorum atomorum at, nam in audire mandamus omittantur. Cu ius dicam officiis molestiae, mea volumus officiis cotidieque no. Ut vel possim interpretaris, idque probatus antiopam has ad. Facilisi qualisque te sea, no dolorum mnesarchum usu.</p>\r\n\r\n<p>Eum tota graeci impetus an, eirmod invenire rationibus ne mel. Ignota habemus eum ex, vis omnesque delicata perpetua an. Sit id modo invidunt sapientem, ne eum vocibus dolores phaedrum. Case praesent appellantur eu per.</p>\r\n', '05-09-2017', 'news-11.jpg', 1, 18, 'Lorem ipsum dolor sit amet', '', '');

-- --------------------------------------------------------

--
-- Table structure for table `tbl_product`
--

CREATE TABLE `tbl_product` (
  `p_id` int(11) NOT NULL,
  `p_name` varchar(255) NOT NULL,
  `p_old_price` varchar(10) NOT NULL,
  `p_current_price` varchar(10) NOT NULL,
  `p_qty` int(10) NOT NULL,
  `p_featured_photo` varchar(255) NOT NULL,
  `p_description` text NOT NULL,
  `p_short_description` text NOT NULL,
  `p_feature` text NOT NULL,
  `p_condition` text NOT NULL,
  `p_return_policy` text NOT NULL,
  `p_total_view` int(11) NOT NULL,
  `p_is_featured` int(1) NOT NULL,
  `p_is_active` int(1) NOT NULL,
  `ecat_id` int(11) NOT NULL
) ENGINE=InnoDB DEFAULT CHARSET=latin1;

--
-- Dumping data for table `tbl_product`
--

INSERT INTO `tbl_product` (`p_id`, `p_name`, `p_old_price`, `p_current_price`, `p_qty`, `p_featured_photo`, `p_description`, `p_short_description`, `p_feature`, `p_condition`, `p_return_policy`, `p_total_view`, `p_is_featured`, `p_is_active`, `ecat_id`) VALUES
(103, 'New Chicks ', '100', '89', 50, 'product-featured-103.jpg', '<p>Branding Sasso chicks involves creating a unique identity for this poultry breed, emphasizing its superior qualities such as high adaptability, excellent meat quality, and suitability for both free-range and intensive farming. The branding highlights the chicks\' resilience, fast growth rate, and ability to thrive in diverse environments, appealing to farmers seeking profitable and sustainable poultry farming solutions.</p>', '<p>Sasso chicks are resilient, fast-growing, and ideal for sustainable, profitable poultry farming</p>', '<p><strong>Features of Sasso Chicks:</strong></p><ol><li><strong>Resilience:</strong> Adaptable to various environments and climates.</li><li><strong>Fast Growth:</strong> Quick weight gain for efficient meat production.</li><li><strong>Dual Purpose:</strong> Suitable for both meat and egg production.</li><li><strong>Free-Range Friendly:</strong> Thrives in free-range and intensive systems.</li><li><strong>High Meat Quality:</strong> Tender and flavorful meat.</li><li><strong>Cost-Effective:</strong> Low maintenance with high profitability potential.</li></ol><p></p>', '<p><strong>Conditions:</strong></p><ul><li>Chicks must be inspected upon delivery for health and quality.</li><li>Proper handling and care are required immediately after delivery to ensure survival.</li><li>Any issues must be reported within 24 hours of receipt.</li></ul><p></p>', '<p><strong>Return Policy:</strong></p><ul><li>Returns or replacements are allowed only for chicks that are dead on arrival (DOA) or have visible defects.</li><li>Proof (e.g., photos or videos) must be provided to claim a replacement.</li><li>Refunds or replacements will not be issued for issues caused by mishandling or improper care after delivery.</li></ul><p></p>', 43, 1, 1, 2),
(104, 'Mixed Chicken', '250', '230', 49, 'product-featured-104.jpg', '<p>Mixed Sasso chickens are a hardy, dual-purpose breed known for their adaptability, high-quality meat, and reliable egg production. They thrive in diverse farming systems, including free-range and intensive setups, making them a cost-effective choice for farmers seeking sustainable poultry solutions.</p>', '<p>Mixed Sasso chickens are resilient, fast-growing, and ideal for both meat and egg production in various farming systems.</p>', '<p><strong>Features:</strong></p><ol><li><strong>Resilience:</strong> Adaptable to different climates and farming systems.</li><li><strong>Dual Purpose:</strong> Excellent for both meat and egg production.</li><li><strong>Fast Growth:</strong> Quick weight gain for efficient meat yields.</li><li><strong>Free-Range Friendly:</strong> Performs well in free-range environments.</li><li><strong>High Meat Quality:</strong> Tender, flavorful, and highly sought after.</li><li><strong>Cost-Effective:</strong> Low maintenance with high profitability.</li></ol><p></p>', '<p><strong>Conditions:</strong></p><ul><li>Chickens must be inspected upon delivery for health and quality.</li><li>Immediate care, proper housing, and nutrition are essential post-delivery.</li><li>Any concerns must be reported within 24 hours of receipt.</li></ul><p></p>', '<p><strong>Return Policy:</strong></p><ul><li>Returns or replacements are accepted for chickens that are dead on arrival (DOA) or show visible defects.</li><li>Proof, such as photos or videos, must be provided for any claims.</li><li>Refunds or replacements are not available for issues caused by improper handling or care after delivery.</li></ul><p></p>', 7, 1, 1, 1),
(105, 'mixer local chicken', '7', '5', 50, 'product-featured-105.jpg', '<p>Local chickens are well-suited to a variety of environments and farming practices. Known for their hardiness and adaptability, they thrive in free-range systems and are prized for their flavorful meat and eggs. They are a sustainable option for small-scale farmers looking for low-maintenance poultry that can withstand local conditions.</p>', '<p>Local chickens are hardy, adaptable, and perfect for free-range farming, providing flavorful meat and eggs with minimal care.</p>', '<p><strong>Features:</strong></p><ol><li><strong>Hardy and Adaptable:</strong> Thrives in diverse climates and farming systems.</li><li><strong>Free-Range Friendly:</strong> Performs excellently in free-range environments.</li><li><strong>Flavorful Meat and Eggs:</strong> Known for rich taste and high nutritional value.</li><li><strong>Low Maintenance:</strong> Requires minimal care compared to commercial breeds.</li><li><strong>Sustainable:</strong> Well-suited for small-scale, sustainable farming.</li></ol><p></p>', '<p><strong>Conditions:</strong></p><ul><li>Chickens must be inspected upon receipt for health and quality.</li><li>Proper care, housing, and nutrition should be provided immediately after delivery.</li><li>Any issues must be reported within 24 hours of receipt.</li></ul><p></p>', '<p><strong>Return Policy:</strong></p><ul><li>Returns or replacements are accepted only for chickens that are dead on arrival (DOA) or exhibit visible defects.</li><li>Proof (e.g., photos or videos) must be provided for claims.</li><li>Refunds or replacements are not provided for issues caused by improper handling or care post-delivery.</li></ul><p></p>', 0, 1, 1, 4),
(106, 'Mixed Chicken', '6', '4', 1, 'product-featured-106.jpg', '<p>Broiler chickens are specially bred for fast growth and high meat yield, making them a top choice for commercial meat production. With their rapid growth rate, they reach market weight quickly and are known for their tender and juicy meat. Ideal for intensive farming systems, broilers offer farmers a high-efficiency poultry option.</p>', '<p>Broilers are fast-growing chickens bred for high meat production, delivering tender and juicy meat in a short time.</p>', '<p><strong>Features:</strong></p><ol><li><strong>Fast Growth:</strong> Reaches market weight quickly, typically within 6-8 weeks.</li><li><strong>High Meat Yield:</strong> Ideal for commercial meat production.</li><li><strong>Tender and Juicy Meat:</strong> Known for high-quality, flavorful meat.</li><li><strong>Intensive Farming Friendly:</strong> Best suited for controlled, intensive farming systems.</li><li><strong>Efficient Feed Conversion:</strong> Converts feed to muscle efficiently, reducing production costs.</li></ol><p></p>', '<p><strong>Conditions:</strong></p><ul><li>Broilers should be inspected upon delivery for health and quality.</li><li>Proper care, housing, and nutrition must be provided immediately after receipt.</li><li>Any concerns must be reported within 24 hours of delivery.</li></ul><p></p>', '<p><strong>Return Policy:</strong></p><ul><li>Returns or replacements are accepted only for chickens that are dead on arrival (DOA) or show visible defects.</li><li>Claims must be supported with proof, such as photos or videos.</li><li>Refunds or replacements are not provided for issues caused by improper handling or care after delivery.</li></ul><p></p>', 0, 1, 1, 16),
(107, 'Eggs ', '0.25', '0.23', 1, 'product-featured-107.jpg', '<p>Local chicken eggs good for your health, get it now in affordable price <br></p>', '<p>Local chicken eggs good for your health, get it now in affordable price </p>', '', '', '', 4, 1, 1, 46),
(108, 'broiler eggs ', '0.12', '0.1', 1, 'product-featured-108.jpg', '', '', '', '', '', 0, 1, 1, 47),
(109, 'Fresh chicken meat', '15', '12', 1, 'product-featured-109.jpg', '<p>Get good chicken meat for health for affordable price, very fresh meat&nbsp; <br></p>', '<p>Fresh organic chicken meat for your health <br></p>', '', '<p>2 days in a freezer<br></p>', '', 0, 1, 1, 61),
(110, 'Manyoa mazuri ya kuku', '2', '1', 1, 'product-featured-110.jpg', '', '', '', '', '', 0, 1, 1, 78);

-- --------------------------------------------------------

--
-- Table structure for table `tbl_product_color`
--

CREATE TABLE `tbl_product_color` (
  `id` int(11) NOT NULL,
  `color_id` int(11) NOT NULL,
  `p_id` int(11) NOT NULL
) ENGINE=InnoDB DEFAULT CHARSET=latin1;

--
-- Dumping data for table `tbl_product_color`
--

INSERT INTO `tbl_product_color` (`id`, `color_id`, `p_id`) VALUES
(69, 1, 4),
(70, 4, 4),
(77, 6, 6),
(82, 2, 12),
(83, 9, 13),
(84, 3, 14),
(85, 2, 15),
(86, 6, 15),
(87, 3, 16),
(88, 3, 17),
(89, 2, 18),
(90, 3, 19),
(91, 1, 20),
(92, 8, 21),
(93, 2, 22),
(94, 2, 23),
(95, 2, 25),
(96, 5, 26),
(97, 2, 27),
(98, 4, 27),
(99, 5, 28),
(100, 7, 29),
(101, 10, 30),
(102, 11, 31),
(103, 14, 32),
(105, 2, 34),
(106, 1, 35),
(107, 3, 36),
(109, 6, 38),
(110, 2, 39),
(111, 11, 42),
(149, 3, 10),
(150, 6, 9),
(151, 3, 8),
(152, 7, 7),
(159, 2, 77),
(163, 17, 79),
(164, 2, 78),
(167, 3, 80),
(168, 2, 81),
(172, 1, 82),
(173, 2, 82),
(174, 4, 82),
(268, 1, 103),
(269, 1, 104),
(270, 2, 105),
(272, 2, 106),
(273, 6, 107),
(275, 4, 108);

-- --------------------------------------------------------

--
-- Table structure for table `tbl_product_photo`
--

CREATE TABLE `tbl_product_photo` (
  `pp_id` int(11) NOT NULL,
  `photo` varchar(255) NOT NULL,
  `p_id` int(11) NOT NULL
) ENGINE=InnoDB DEFAULT CHARSET=latin1;

--
-- Dumping data for table `tbl_product_photo`
--

INSERT INTO `tbl_product_photo` (`pp_id`, `photo`, `p_id`) VALUES
(133, '133.jpg', 103),
(134, '134.jpg', 103),
(135, '135.jpg', 103),
(136, '136.jpg', 104),
(137, '137.jpg', 104),
(138, '138.jpg', 104),
(139, '139.jpg', 104),
(140, '140.jpg', 104),
(141, '141.jpg', 105),
(142, '142.jpg', 105),
(143, '143.jpg', 105),
(144, '144.jpg', 106),
(145, '145.jpg', 106),
(146, '146.jpg', 107),
(147, '147.jpg', 107),
(148, '148.jpg', 108),
(149, '149.jpg', 109),
(150, '150.jpg', 110),
(151, '151.jpg', 110),
(152, '152.jpg', 110),
(153, '153.jpg', 110),
(154, '154.jpg', 110),
(155, '155.jpg', 110);

-- --------------------------------------------------------

--
-- Table structure for table `tbl_product_size`
--

CREATE TABLE `tbl_product_size` (
  `id` int(11) NOT NULL,
  `size_id` int(11) NOT NULL,
  `p_id` int(11) NOT NULL
) ENGINE=InnoDB DEFAULT CHARSET=latin1;

--
-- Dumping data for table `tbl_product_size`
--

INSERT INTO `tbl_product_size` (`id`, `size_id`, `p_id`) VALUES
(44, 1, 6),
(56, 8, 12),
(57, 9, 12),
(58, 10, 12),
(59, 11, 12),
(60, 12, 12),
(61, 13, 12),
(62, 9, 13),
(63, 11, 13),
(64, 13, 13),
(65, 15, 13),
(66, 9, 14),
(67, 11, 14),
(68, 12, 14),
(69, 13, 14),
(70, 9, 15),
(71, 11, 15),
(72, 13, 15),
(73, 15, 16),
(74, 16, 16),
(75, 17, 16),
(76, 16, 17),
(77, 17, 17),
(78, 14, 18),
(79, 15, 18),
(80, 16, 18),
(81, 17, 18),
(82, 15, 19),
(83, 16, 19),
(84, 17, 19),
(85, 14, 20),
(86, 15, 20),
(87, 17, 20),
(88, 15, 21),
(89, 17, 21),
(90, 15, 22),
(91, 16, 22),
(92, 17, 22),
(93, 15, 23),
(94, 16, 23),
(95, 17, 23),
(96, 18, 25),
(97, 19, 25),
(98, 20, 25),
(99, 21, 25),
(100, 19, 26),
(101, 21, 26),
(102, 22, 26),
(103, 23, 26),
(104, 19, 27),
(105, 20, 27),
(106, 21, 27),
(107, 22, 27),
(108, 19, 28),
(109, 20, 28),
(110, 21, 28),
(111, 19, 29),
(112, 20, 29),
(113, 22, 29),
(114, 1, 30),
(115, 2, 30),
(116, 3, 30),
(117, 4, 30),
(118, 23, 31),
(119, 26, 32),
(123, 2, 34),
(124, 2, 35),
(125, 2, 36),
(126, 3, 36),
(129, 2, 38),
(130, 3, 38),
(131, 4, 38),
(132, 5, 38),
(133, 27, 39),
(134, 8, 42),
(210, 3, 10),
(211, 4, 10),
(212, 5, 10),
(213, 6, 10),
(214, 3, 9),
(215, 4, 9),
(216, 3, 8),
(217, 4, 8),
(218, 2, 7),
(219, 3, 7),
(220, 4, 7),
(249, 1, 79),
(250, 2, 79),
(251, 3, 79),
(252, 1, 78),
(253, 2, 78),
(254, 3, 78),
(255, 4, 78),
(256, 5, 78),
(259, 26, 80),
(262, 3, 82),
(263, 4, 82),
(448, 4, 103),
(449, 4, 104),
(450, 6, 105),
(452, 6, 106),
(453, 31, 110);

-- --------------------------------------------------------

--
-- Table structure for table `tbl_rating`
--

CREATE TABLE `tbl_rating` (
  `rt_id` int(11) NOT NULL,
  `p_id` int(11) NOT NULL,
  `cust_id` int(11) NOT NULL,
  `comment` text NOT NULL,
  `rating` int(11) NOT NULL
) ENGINE=InnoDB DEFAULT CHARSET=latin1;

-- --------------------------------------------------------

--
-- Table structure for table `tbl_service`
--

CREATE TABLE `tbl_service` (
  `id` int(11) NOT NULL,
  `title` varchar(255) NOT NULL,
  `content` text NOT NULL,
  `photo` varchar(255) NOT NULL
) ENGINE=InnoDB DEFAULT CHARSET=latin1;

--
-- Dumping data for table `tbl_service`
--

INSERT INTO `tbl_service` (`id`, `title`, `content`, `photo`) VALUES
(5, 'Easy Returns', 'Return any item before 15 days!', 'service-5.png'),
(6, 'Free Shipping', 'Enjoy free shipping inside US.', 'service-6.png'),
(7, 'Fast Shipping', 'Items are shipped within 24 hours.', 'service-7.png'),
(8, 'Satisfaction Guarantee', 'We guarantee you with our quality satisfaction.', 'service-8.png'),
(9, 'Secure Checkout', 'Providing Secure Checkout Options for all', 'service-9.png'),
(10, 'Money Back Guarantee', 'Offer money back guarantee on our products', 'service-10.png');

-- --------------------------------------------------------

--
-- Table structure for table `tbl_settings`
--

CREATE TABLE `tbl_settings` (
  `id` int(11) NOT NULL,
  `logo` varchar(255) NOT NULL,
  `favicon` varchar(255) NOT NULL,
  `footer_about` text NOT NULL,
  `footer_copyright` text NOT NULL,
  `contact_address` text NOT NULL,
  `contact_email` varchar(255) NOT NULL,
  `contact_phone` varchar(255) NOT NULL,
  `contact_fax` varchar(255) NOT NULL,
  `contact_map_iframe` text NOT NULL,
  `receive_email` varchar(255) NOT NULL,
  `receive_email_subject` varchar(255) NOT NULL,
  `receive_email_thank_you_message` text NOT NULL,
  `forget_password_message` text NOT NULL,
  `total_recent_post_footer` int(10) NOT NULL,
  `total_popular_post_footer` int(10) NOT NULL,
  `total_recent_post_sidebar` int(11) NOT NULL,
  `total_popular_post_sidebar` int(11) NOT NULL,
  `total_featured_product_home` int(11) NOT NULL,
  `total_latest_product_home` int(11) NOT NULL,
  `total_popular_product_home` int(11) NOT NULL,
  `meta_title_home` text NOT NULL,
  `meta_keyword_home` text NOT NULL,
  `meta_description_home` text NOT NULL,
  `banner_login` varchar(255) NOT NULL,
  `banner_registration` varchar(255) NOT NULL,
  `banner_forget_password` varchar(255) NOT NULL,
  `banner_reset_password` varchar(255) NOT NULL,
  `banner_search` varchar(255) NOT NULL,
  `banner_cart` varchar(255) NOT NULL,
  `banner_checkout` varchar(255) NOT NULL,
  `banner_product_category` varchar(255) NOT NULL,
  `banner_blog` varchar(255) NOT NULL,
  `cta_title` varchar(255) NOT NULL,
  `cta_content` text NOT NULL,
  `cta_read_more_text` varchar(255) NOT NULL,
  `cta_read_more_url` varchar(255) NOT NULL,
  `cta_photo` varchar(255) NOT NULL,
  `featured_product_title` varchar(255) NOT NULL,
  `featured_product_subtitle` varchar(255) NOT NULL,
  `latest_product_title` varchar(255) NOT NULL,
  `latest_product_subtitle` varchar(255) NOT NULL,
  `popular_product_title` varchar(255) NOT NULL,
  `popular_product_subtitle` varchar(255) NOT NULL,
  `testimonial_title` varchar(255) NOT NULL,
  `testimonial_subtitle` varchar(255) NOT NULL,
  `testimonial_photo` varchar(255) NOT NULL,
  `blog_title` varchar(255) NOT NULL,
  `blog_subtitle` varchar(255) NOT NULL,
  `newsletter_text` text NOT NULL,
  `paypal_email` varchar(255) NOT NULL,
  `stripe_public_key` varchar(255) NOT NULL,
  `stripe_secret_key` varchar(255) NOT NULL,
  `bank_detail` text NOT NULL,
  `before_head` text NOT NULL,
  `after_body` text NOT NULL,
  `before_body` text NOT NULL,
  `home_service_on_off` int(11) NOT NULL,
  `home_welcome_on_off` int(11) NOT NULL,
  `home_featured_product_on_off` int(11) NOT NULL,
  `home_latest_product_on_off` int(11) NOT NULL,
  `home_popular_product_on_off` int(11) NOT NULL,
  `home_testimonial_on_off` int(11) NOT NULL,
  `home_blog_on_off` int(11) NOT NULL,
  `newsletter_on_off` int(11) NOT NULL,
  `ads_above_welcome_on_off` int(1) NOT NULL,
  `ads_above_featured_product_on_off` int(1) NOT NULL,
  `ads_above_latest_product_on_off` int(1) NOT NULL,
  `ads_above_popular_product_on_off` int(1) NOT NULL,
  `ads_above_testimonial_on_off` int(1) NOT NULL,
  `ads_category_sidebar_on_off` int(1) NOT NULL
) ENGINE=InnoDB DEFAULT CHARSET=latin1;

--
-- Dumping data for table `tbl_settings`
--

INSERT INTO `tbl_settings` (`id`, `logo`, `favicon`, `footer_about`, `footer_copyright`, `contact_address`, `contact_email`, `contact_phone`, `contact_fax`, `contact_map_iframe`, `receive_email`, `receive_email_subject`, `receive_email_thank_you_message`, `forget_password_message`, `total_recent_post_footer`, `total_popular_post_footer`, `total_recent_post_sidebar`, `total_popular_post_sidebar`, `total_featured_product_home`, `total_latest_product_home`, `total_popular_product_home`, `meta_title_home`, `meta_keyword_home`, `meta_description_home`, `banner_login`, `banner_registration`, `banner_forget_password`, `banner_reset_password`, `banner_search`, `banner_cart`, `banner_checkout`, `banner_product_category`, `banner_blog`, `cta_title`, `cta_content`, `cta_read_more_text`, `cta_read_more_url`, `cta_photo`, `featured_product_title`, `featured_product_subtitle`, `latest_product_title`, `latest_product_subtitle`, `popular_product_title`, `popular_product_subtitle`, `testimonial_title`, `testimonial_subtitle`, `testimonial_photo`, `blog_title`, `blog_subtitle`, `newsletter_text`, `paypal_email`, `stripe_public_key`, `stripe_secret_key`, `bank_detail`, `before_head`, `after_body`, `before_body`, `home_service_on_off`, `home_welcome_on_off`, `home_featured_product_on_off`, `home_latest_product_on_off`, `home_popular_product_on_off`, `home_testimonial_on_off`, `home_blog_on_off`, `newsletter_on_off`, `ads_above_welcome_on_off`, `ads_above_featured_product_on_off`, `ads_above_latest_product_on_off`, `ads_above_popular_product_on_off`, `ads_above_testimonial_on_off`, `ads_category_sidebar_on_off`) VALUES
(1, 'logo.jpg', 'favicon.png', '<p>Lorem ipsum dolor sit amet, omnis signiferumque in mei, mei ex enim concludaturque. Senserit salutandi euripidis no per, modus maiestatis scribentur est an.Â Ea suas pertinax has.</p>\r\n', 'Copyright Â© 2022 - Chickhen Point - Developed By Group 2 Data structure and Algorithim', 'Njiro Arusha ', 'rashidytamimu@gmail.com', '+001 621351603', '', '<iframe \r\n    src=\"https://www.google.com/maps/embed?pb=!1m18!1m12!1m3!1d3183.7620528310117!2d36.70691831478996!3d-3.3805329975036317!2m3!1f0!2f0!3f0!3m2!1i1024!2i768!4f13.1!3m3!1m2!1s0x18402ddc7b422e2f%3A0x85780d6cbf6c9cd6!2sInstitute%20of%20Accountancy%20Arusha%2C%20Njiro%20Campus!5e0!3m2!1sen!2stz!4v1706789012345!5m2!1sen!2stz\" \r\n    width=\"600\" \r\n    height=\"450\" \r\n    style=\"border:0;\" \r\n    allowfullscreen=\"\" \r\n    loading=\"lazy\">\r\n</iframe>\r\n', 'rashidytamimu@gmail.com', 'Visitor Email Message from Chickhen point ', 'Thank you for sending email. We will contact you shortly.', 'A confirmation link is sent to your email address. You will get the password reset information in there.', 4, 4, 5, 5, 5, 6, 8, 'Chickhen Point', 'Online shop for chicken and their product ', 'The group assignment project ', 'banner_login.jpg', 'banner_registration.jpg', 'banner_forget_password.jpg', 'banner_reset_password.jpg', 'banner_search.jpg', 'banner_cart.jpg', 'banner_checkout.jpg', 'banner_product_category.jpg', 'banner_blog.jpg', 'Welcome To Our Ecommerce Website', 'Lorem ipsum dolor sit amet, an labores explicari qui, eu nostrum copiosae argumentum has. Latine propriae quo no, unum ridens expetenda id sit, \r\nat usu eius eligendi singulis. Sea ocurreret principes ne. At nonumy aperiri pri, nam quodsi copiosae intellegebat et, ex deserunt euripidis usu. ', 'Read More', '#', 'cta.jpg', 'Featured Products', 'Our list on Top Featured Products', 'Latest Products', 'Our list of recently added products', 'Popular Products', 'Popular products based on customer\'s choice', 'Testimonials', 'See what our clients tell about us', 'testimonial.jpg', 'Latest Blog', 'See all our latest articles and news from below', 'Sign-up to our newsletter for latest promotions and discounts.', 'rashidytamimu@gmail.com', 'pk_test_0SwMWadgu8DwmEcPdUPRsZ7b', 'sk_test_TFcsLJ7xxUtpALbDo1L5c1PN', 'Bank Name: CRDB Bank\r\nAccount Number: 014294739847238\r\nBranch Name: Sakina Branch\r\nCountry: Tanzania ', '', '<div id=\"fb-root\"></div>\r\n<script>(function(d, s, id) {\r\n  var js, fjs = d.getElementsByTagName(s)[0];\r\n  if (d.getElementById(id)) return;\r\n  js = d.createElement(s); js.id = id;\r\n  js.src = \"//connect.facebook.net/en_US/sdk.js#xfbml=1&version=v2.10&appId=323620764400430\";\r\n  fjs.parentNode.insertBefore(js, fjs);\r\n}(document, \'script\', \'facebook-jssdk\'));</script>', '<!--Start of Tawk.to Script-->\r\n<script type=\"text/javascript\">\r\nvar Tawk_API=Tawk_API||{}, Tawk_LoadStart=new Date();\r\n(function(){\r\nvar s1=document.createElement(\"script\"),s0=document.getElementsByTagName(\"script\")[0];\r\ns1.async=true;\r\ns1.src=\'https://embed.tawk.to/5ae370d7227d3d7edc24cb96/default\';\r\ns1.charset=\'UTF-8\';\r\ns1.setAttribute(\'crossorigin\',\'*\');\r\ns0.parentNode.insertBefore(s1,s0);\r\n})();\r\n</script>\r\n<!--End of Tawk.to Script-->', 1, 1, 1, 1, 1, 1, 1, 1, 1, 1, 1, 1, 1, 1);

-- --------------------------------------------------------

--
-- Table structure for table `tbl_shipping_cost`
--

CREATE TABLE `tbl_shipping_cost` (
  `shipping_cost_id` int(11) NOT NULL,
  `country_id` int(11) NOT NULL,
  `amount` varchar(20) NOT NULL
) ENGINE=InnoDB DEFAULT CHARSET=latin1;

--
-- Dumping data for table `tbl_shipping_cost`
--

INSERT INTO `tbl_shipping_cost` (`shipping_cost_id`, `country_id`, `amount`) VALUES
(1, 228, '11'),
(2, 167, '10'),
(3, 13, '8'),
(4, 230, '0');

-- --------------------------------------------------------

--
-- Table structure for table `tbl_shipping_cost_all`
--

CREATE TABLE `tbl_shipping_cost_all` (
  `sca_id` int(11) NOT NULL,
  `amount` varchar(20) NOT NULL
) ENGINE=InnoDB DEFAULT CHARSET=latin1;

--
-- Dumping data for table `tbl_shipping_cost_all`
--

INSERT INTO `tbl_shipping_cost_all` (`sca_id`, `amount`) VALUES
(1, '100');

-- --------------------------------------------------------

--
-- Table structure for table `tbl_size`
--

CREATE TABLE `tbl_size` (
  `size_id` int(11) NOT NULL,
  `size_name` varchar(255) NOT NULL
) ENGINE=InnoDB DEFAULT CHARSET=latin1;

--
-- Dumping data for table `tbl_size`
--

INSERT INTO `tbl_size` (`size_id`, `size_name`) VALUES
(1, '1 week'),
(2, '2 Weeks'),
(3, '3 Weeks'),
(4, '1 month'),
(5, '2 month'),
(6, '3 Month'),
(7, '4 month'),
(8, '5 month'),
(9, '6 month'),
(10, 'above 6 month below 1 year'),
(26, '1 year'),
(27, '2 years'),
(28, '3 Years'),
(29, '4 years'),
(30, 'below 1kg'),
(31, '1 Kg'),
(32, '2 Kg'),
(33, '3 Kg'),
(34, '4 Kg'),
(35, '5 Kg'),
(36, '8 Kg'),
(37, '10 Kg'),
(38, '12 Kg'),
(39, '14 Kg'),
(40, 'Above 15 Kg');

-- --------------------------------------------------------

--
-- Table structure for table `tbl_slider`
--

CREATE TABLE `tbl_slider` (
  `id` int(11) NOT NULL,
  `photo` varchar(255) NOT NULL,
  `heading` varchar(255) NOT NULL,
  `content` text NOT NULL,
  `button_text` varchar(255) NOT NULL,
  `button_url` varchar(255) NOT NULL,
  `position` varchar(255) NOT NULL
) ENGINE=InnoDB DEFAULT CHARSET=latin1;

--
-- Dumping data for table `tbl_slider`
--

INSERT INTO `tbl_slider` (`id`, `photo`, `heading`, `content`, `button_text`, `button_url`, `position`) VALUES
(1, 'slider-1.png', 'Welcome to chicken point ', 'A get all kind of chickhen and their product here ', 'View chickhen category', 'product-category.php?id=4&type=mid-category', 'Right'),
(2, 'slider-2.jpg', '50% Discount on All Products', 'Lorem ipsum dolor sit amet, an labores explicari qui, eu nostrum copiosae argumentum has.', 'Read More', '#', 'Center'),
(3, 'slider-3.png', '24 Hours Customer Support', 'Lorem ipsum dolor sit amet, an labores explicari qui, eu nostrum copiosae argumentum has.', 'Read More', '#', 'Right');

-- --------------------------------------------------------

--
-- Table structure for table `tbl_social`
--

CREATE TABLE `tbl_social` (
  `social_id` int(11) NOT NULL,
  `social_name` varchar(30) NOT NULL,
  `social_url` varchar(255) NOT NULL,
  `social_icon` varchar(30) NOT NULL
) ENGINE=InnoDB DEFAULT CHARSET=latin1;

--
-- Dumping data for table `tbl_social`
--

INSERT INTO `tbl_social` (`social_id`, `social_name`, `social_url`, `social_icon`) VALUES
(1, 'Facebook', 'https://www.facebook.com/#', 'fa fa-facebook'),
(2, 'Twitter', 'https://www.twitter.com/#', 'fa fa-twitter'),
(3, 'LinkedIn', '', 'fa fa-linkedin'),
(4, 'Google Plus', '', 'fa fa-google-plus'),
(5, 'Pinterest', '', 'fa fa-pinterest'),
(6, 'YouTube', 'https://www.youtube.com/#', 'fa fa-youtube'),
(7, 'Instagram', 'https://www.instagram.com/#', 'fa fa-instagram'),
(8, 'Tumblr', '', 'fa fa-tumblr'),
(9, 'Flickr', '', 'fa fa-flickr'),
(10, 'Reddit', '', 'fa fa-reddit'),
(11, 'Snapchat', '', 'fa fa-snapchat'),
(12, 'WhatsApp', 'https://www.whatsapp.com/#', 'fa fa-whatsapp'),
(13, 'Quora', '', 'fa fa-quora'),
(14, 'StumbleUpon', '', 'fa fa-stumbleupon'),
(15, 'Delicious', '', 'fa fa-delicious'),
(16, 'Digg', '', 'fa fa-digg');

-- --------------------------------------------------------

--
-- Table structure for table `tbl_subscriber`
--

CREATE TABLE `tbl_subscriber` (
  `subs_id` int(11) NOT NULL,
  `subs_email` varchar(255) NOT NULL,
  `subs_date` varchar(100) NOT NULL,
  `subs_date_time` varchar(100) NOT NULL,
  `subs_hash` varchar(255) NOT NULL,
  `subs_active` int(11) NOT NULL
) ENGINE=InnoDB DEFAULT CHARSET=latin1;

--
-- Dumping data for table `tbl_subscriber`
--

INSERT INTO `tbl_subscriber` (`subs_id`, `subs_email`, `subs_date`, `subs_date_time`, `subs_hash`, `subs_active`) VALUES
(7, 'rashidytamimu@gmail.com', '2024-12-12', '2024-12-12 10:12:04', '52b58e4b951d6dac1780d2e2ee3e5ae9', 0);

-- --------------------------------------------------------

--
-- Table structure for table `tbl_top_category`
--

CREATE TABLE `tbl_top_category` (
  `tcat_id` int(11) NOT NULL,
  `tcat_name` varchar(255) NOT NULL,
  `show_on_menu` int(1) NOT NULL
) ENGINE=InnoDB DEFAULT CHARSET=latin1;

--
-- Dumping data for table `tbl_top_category`
--

INSERT INTO `tbl_top_category` (`tcat_id`, `tcat_name`, `show_on_menu`) VALUES
(1, 'Chicken', 1),
(2, 'Eggs', 1),
(3, 'Sausage', 1),
(4, 'Fresh Meat', 1),
(5, 'Feather', 1);

-- --------------------------------------------------------

--
-- Table structure for table `tbl_user`
--

CREATE TABLE `tbl_user` (
  `id` int(10) NOT NULL,
  `full_name` varchar(100) NOT NULL,
  `email` varchar(255) NOT NULL,
  `phone` varchar(100) NOT NULL,
  `password` varchar(255) NOT NULL,
  `photo` varchar(255) NOT NULL,
  `role` varchar(30) NOT NULL,
  `status` varchar(10) NOT NULL
) ENGINE=InnoDB DEFAULT CHARSET=latin1;

--
-- Dumping data for table `tbl_user`
--

INSERT INTO `tbl_user` (`id`, `full_name`, `email`, `phone`, `password`, `photo`, `role`, `status`) VALUES
(1, 'Administrator', 'rashidytamimu@gmail.com', '0621351603', 'e10adc3949ba59abbe56e057f20f883e', 'user-1.jpeg', 'Super Admin', 'Active'),
(2, 'Christine', 'christine@mail.com', '4444444444', '81dc9bdb52d04dc20036dbd8313ed055', 'user-13.jpg', 'Admin', 'Active');

-- --------------------------------------------------------

--
-- Table structure for table `tbl_video`
--

CREATE TABLE `tbl_video` (
  `id` int(11) NOT NULL,
  `title` varchar(255) NOT NULL,
  `iframe_code` text NOT NULL
) ENGINE=InnoDB DEFAULT CHARSET=latin1;

--
-- Dumping data for table `tbl_video`
--

INSERT INTO `tbl_video` (`id`, `title`, `iframe_code`) VALUES
(1, 'Video 1', '<iframe width=\"560\" height=\"315\" src=\"https://www.youtube.com/embed/L3XAFSMdVWU\" frameborder=\"0\" allow=\"autoplay; encrypted-media\" allowfullscreen></iframe>'),
(2, 'Video 2', '<iframe width=\"560\" height=\"315\" src=\"https://www.youtube.com/embed/sinQ06YzbJI\" frameborder=\"0\" allow=\"autoplay; encrypted-media\" allowfullscreen></iframe>'),
(4, 'Video 3', '<iframe width=\"560\" height=\"315\" src=\"https://www.youtube.com/embed/ViZNgU-Yt-Y\" frameborder=\"0\" allow=\"autoplay; encrypted-media\" allowfullscreen></iframe>');

--
-- Indexes for dumped tables
--

--
-- Indexes for table `tbl_color`
--
ALTER TABLE `tbl_color`
  ADD PRIMARY KEY (`color_id`);

--
-- Indexes for table `tbl_country`
--
ALTER TABLE `tbl_country`
  ADD PRIMARY KEY (`country_id`);

--
-- Indexes for table `tbl_customer`
--
ALTER TABLE `tbl_customer`
  ADD PRIMARY KEY (`cust_id`);

--
-- Indexes for table `tbl_customer_message`
--
ALTER TABLE `tbl_customer_message`
  ADD PRIMARY KEY (`customer_message_id`);

--
-- Indexes for table `tbl_end_category`
--
ALTER TABLE `tbl_end_category`
  ADD PRIMARY KEY (`ecat_id`);

--
-- Indexes for table `tbl_faq`
--
ALTER TABLE `tbl_faq`
  ADD PRIMARY KEY (`faq_id`);

--
-- Indexes for table `tbl_language`
--
ALTER TABLE `tbl_language`
  ADD PRIMARY KEY (`lang_id`);

--
-- Indexes for table `tbl_mid_category`
--
ALTER TABLE `tbl_mid_category`
  ADD PRIMARY KEY (`mcat_id`);

--
-- Indexes for table `tbl_order`
--
ALTER TABLE `tbl_order`
  ADD PRIMARY KEY (`id`);

--
-- Indexes for table `tbl_page`
--
ALTER TABLE `tbl_page`
  ADD PRIMARY KEY (`id`);

--
-- Indexes for table `tbl_payment`
--
ALTER TABLE `tbl_payment`
  ADD PRIMARY KEY (`id`);

--
-- Indexes for table `tbl_photo`
--
ALTER TABLE `tbl_photo`
  ADD PRIMARY KEY (`id`);

--
-- Indexes for table `tbl_post`
--
ALTER TABLE `tbl_post`
  ADD PRIMARY KEY (`post_id`);

--
-- Indexes for table `tbl_product`
--
ALTER TABLE `tbl_product`
  ADD PRIMARY KEY (`p_id`);

--
-- Indexes for table `tbl_product_color`
--
ALTER TABLE `tbl_product_color`
  ADD PRIMARY KEY (`id`);

--
-- Indexes for table `tbl_product_photo`
--
ALTER TABLE `tbl_product_photo`
  ADD PRIMARY KEY (`pp_id`);

--
-- Indexes for table `tbl_product_size`
--
ALTER TABLE `tbl_product_size`
  ADD PRIMARY KEY (`id`);

--
-- Indexes for table `tbl_rating`
--
ALTER TABLE `tbl_rating`
  ADD PRIMARY KEY (`rt_id`);

--
-- Indexes for table `tbl_service`
--
ALTER TABLE `tbl_service`
  ADD PRIMARY KEY (`id`);

--
-- Indexes for table `tbl_settings`
--
ALTER TABLE `tbl_settings`
  ADD PRIMARY KEY (`id`);

--
-- Indexes for table `tbl_shipping_cost`
--
ALTER TABLE `tbl_shipping_cost`
  ADD PRIMARY KEY (`shipping_cost_id`);

--
-- Indexes for table `tbl_shipping_cost_all`
--
ALTER TABLE `tbl_shipping_cost_all`
  ADD PRIMARY KEY (`sca_id`);

--
-- Indexes for table `tbl_size`
--
ALTER TABLE `tbl_size`
  ADD PRIMARY KEY (`size_id`);

--
-- Indexes for table `tbl_slider`
--
ALTER TABLE `tbl_slider`
  ADD PRIMARY KEY (`id`);

--
-- Indexes for table `tbl_social`
--
ALTER TABLE `tbl_social`
  ADD PRIMARY KEY (`social_id`);

--
-- Indexes for table `tbl_subscriber`
--
ALTER TABLE `tbl_subscriber`
  ADD PRIMARY KEY (`subs_id`);

--
-- Indexes for table `tbl_top_category`
--
ALTER TABLE `tbl_top_category`
  ADD PRIMARY KEY (`tcat_id`);

--
-- Indexes for table `tbl_user`
--
ALTER TABLE `tbl_user`
  ADD PRIMARY KEY (`id`);

--
-- Indexes for table `tbl_video`
--
ALTER TABLE `tbl_video`
  ADD PRIMARY KEY (`id`);

--
-- AUTO_INCREMENT for dumped tables
--

--
-- AUTO_INCREMENT for table `tbl_color`
--
ALTER TABLE `tbl_color`
  MODIFY `color_id` int(11) NOT NULL AUTO_INCREMENT, AUTO_INCREMENT=30;

--
-- AUTO_INCREMENT for table `tbl_country`
--
ALTER TABLE `tbl_country`
  MODIFY `country_id` int(11) NOT NULL AUTO_INCREMENT, AUTO_INCREMENT=246;

--
-- AUTO_INCREMENT for table `tbl_customer`
--
ALTER TABLE `tbl_customer`
  MODIFY `cust_id` int(11) NOT NULL AUTO_INCREMENT, AUTO_INCREMENT=14;

--
-- AUTO_INCREMENT for table `tbl_customer_message`
--
ALTER TABLE `tbl_customer_message`
  MODIFY `customer_message_id` int(11) NOT NULL AUTO_INCREMENT, AUTO_INCREMENT=10;

--
-- AUTO_INCREMENT for table `tbl_end_category`
--
ALTER TABLE `tbl_end_category`
  MODIFY `ecat_id` int(11) NOT NULL AUTO_INCREMENT, AUTO_INCREMENT=80;

--
-- AUTO_INCREMENT for table `tbl_faq`
--
ALTER TABLE `tbl_faq`
  MODIFY `faq_id` int(11) NOT NULL AUTO_INCREMENT, AUTO_INCREMENT=6;

--
-- AUTO_INCREMENT for table `tbl_language`
--
ALTER TABLE `tbl_language`
  MODIFY `lang_id` int(11) NOT NULL AUTO_INCREMENT, AUTO_INCREMENT=164;

--
-- AUTO_INCREMENT for table `tbl_mid_category`
--
ALTER TABLE `tbl_mid_category`
  MODIFY `mcat_id` int(11) NOT NULL AUTO_INCREMENT, AUTO_INCREMENT=18;

--
-- AUTO_INCREMENT for table `tbl_order`
--
ALTER TABLE `tbl_order`
  MODIFY `id` int(11) NOT NULL AUTO_INCREMENT, AUTO_INCREMENT=10;

--
-- AUTO_INCREMENT for table `tbl_page`
--
ALTER TABLE `tbl_page`
  MODIFY `id` int(11) NOT NULL AUTO_INCREMENT, AUTO_INCREMENT=2;

--
-- AUTO_INCREMENT for table `tbl_payment`
--
ALTER TABLE `tbl_payment`
  MODIFY `id` int(11) NOT NULL AUTO_INCREMENT, AUTO_INCREMENT=61;

--
-- AUTO_INCREMENT for table `tbl_photo`
--
ALTER TABLE `tbl_photo`
  MODIFY `id` int(11) NOT NULL AUTO_INCREMENT, AUTO_INCREMENT=7;

--
-- AUTO_INCREMENT for table `tbl_post`
--
ALTER TABLE `tbl_post`
  MODIFY `post_id` int(11) NOT NULL AUTO_INCREMENT, AUTO_INCREMENT=12;

--
-- AUTO_INCREMENT for table `tbl_product`
--
ALTER TABLE `tbl_product`
  MODIFY `p_id` int(11) NOT NULL AUTO_INCREMENT, AUTO_INCREMENT=111;

--
-- AUTO_INCREMENT for table `tbl_product_color`
--
ALTER TABLE `tbl_product_color`
  MODIFY `id` int(11) NOT NULL AUTO_INCREMENT, AUTO_INCREMENT=276;

--
-- AUTO_INCREMENT for table `tbl_product_photo`
--
ALTER TABLE `tbl_product_photo`
  MODIFY `pp_id` int(11) NOT NULL AUTO_INCREMENT, AUTO_INCREMENT=156;

--
-- AUTO_INCREMENT for table `tbl_product_size`
--
ALTER TABLE `tbl_product_size`
  MODIFY `id` int(11) NOT NULL AUTO_INCREMENT, AUTO_INCREMENT=454;

--
-- AUTO_INCREMENT for table `tbl_rating`
--
ALTER TABLE `tbl_rating`
  MODIFY `rt_id` int(11) NOT NULL AUTO_INCREMENT;

--
-- AUTO_INCREMENT for table `tbl_service`
--
ALTER TABLE `tbl_service`
  MODIFY `id` int(11) NOT NULL AUTO_INCREMENT, AUTO_INCREMENT=11;

--
-- AUTO_INCREMENT for table `tbl_settings`
--
ALTER TABLE `tbl_settings`
  MODIFY `id` int(11) NOT NULL AUTO_INCREMENT, AUTO_INCREMENT=2;

--
-- AUTO_INCREMENT for table `tbl_shipping_cost`
--
ALTER TABLE `tbl_shipping_cost`
  MODIFY `shipping_cost_id` int(11) NOT NULL AUTO_INCREMENT, AUTO_INCREMENT=5;

--
-- AUTO_INCREMENT for table `tbl_shipping_cost_all`
--
ALTER TABLE `tbl_shipping_cost_all`
  MODIFY `sca_id` int(11) NOT NULL AUTO_INCREMENT, AUTO_INCREMENT=2;

--
-- AUTO_INCREMENT for table `tbl_size`
--
ALTER TABLE `tbl_size`
  MODIFY `size_id` int(11) NOT NULL AUTO_INCREMENT, AUTO_INCREMENT=41;

--
-- AUTO_INCREMENT for table `tbl_slider`
--
ALTER TABLE `tbl_slider`
  MODIFY `id` int(11) NOT NULL AUTO_INCREMENT, AUTO_INCREMENT=4;

--
-- AUTO_INCREMENT for table `tbl_social`
--
ALTER TABLE `tbl_social`
  MODIFY `social_id` int(11) NOT NULL AUTO_INCREMENT, AUTO_INCREMENT=17;

--
-- AUTO_INCREMENT for table `tbl_subscriber`
--
ALTER TABLE `tbl_subscriber`
  MODIFY `subs_id` int(11) NOT NULL AUTO_INCREMENT, AUTO_INCREMENT=8;

--
-- AUTO_INCREMENT for table `tbl_top_category`
--
ALTER TABLE `tbl_top_category`
  MODIFY `tcat_id` int(11) NOT NULL AUTO_INCREMENT, AUTO_INCREMENT=6;

--
-- AUTO_INCREMENT for table `tbl_user`
--
ALTER TABLE `tbl_user`
  MODIFY `id` int(10) NOT NULL AUTO_INCREMENT, AUTO_INCREMENT=3;

--
-- AUTO_INCREMENT for table `tbl_video`
--
ALTER TABLE `tbl_video`
  MODIFY `id` int(11) NOT NULL AUTO_INCREMENT, AUTO_INCREMENT=5;
COMMIT;

/*!40101 SET CHARACTER_SET_CLIENT=@OLD_CHARACTER_SET_CLIENT */;
/*!40101 SET CHARACTER_SET_RESULTS=@OLD_CHARACTER_SET_RESULTS */;
/*!40101 SET COLLATION_CONNECTION=@OLD_COLLATION_CONNECTION */;
